-- phpMyAdmin SQL Dump
-- version 5.1.1
-- https://www.phpmyadmin.net/
--
-- Host: 127.0.0.1
-- Generation Time: Aug 12, 2022 at 02:36 AM
-- Server version: 10.4.22-MariaDB
-- PHP Version: 8.0.13

SET SQL_MODE = "NO_AUTO_VALUE_ON_ZERO";
START TRANSACTION;
SET time_zone = "+00:00";


/*!40101 SET @OLD_CHARACTER_SET_CLIENT=@@CHARACTER_SET_CLIENT */;
/*!40101 SET @OLD_CHARACTER_SET_RESULTS=@@CHARACTER_SET_RESULTS */;
/*!40101 SET @OLD_COLLATION_CONNECTION=@@COLLATION_CONNECTION */;
/*!40101 SET NAMES utf8mb4 */;

--
-- Database: `peluqueria_canina`
--

-- --------------------------------------------------------

--
-- Table structure for table `due単o`
--

CREATE TABLE `due単o` (
  `Dni` int(11) NOT NULL,
  `Nombre` varchar(20) NOT NULL,
  `Apellido` varchar(20) NOT NULL,
  `Telefono` int(12) NOT NULL,
  `Direccion` varchar(45) NOT NULL
) ENGINE=InnoDB DEFAULT CHARSET=utf8mb4;

--
-- Dumping data for table `due単o`
--

INSERT INTO `due単o` (`Dni`, `Nombre`, `Apellido`, `Telefono`, `Direccion`) VALUES
(1, 'Zita', 'Cleeves', 2147483647, '59 Southridge Junction'),
(2, 'Kirby', 'Lardez', 2147483647, '81 Monument Avenue'),
(3, 'Efren', 'Carletto', 2147483647, '30368 Manufacturers Trail'),
(4, 'Marilin', 'Lemar', 2147483647, '5 Lerdahl Parkway'),
(5, 'Hedi', 'Aviss', 2147483647, '0045 Summer Ridge Way'),
(6, 'Heda', 'Klazenga', 2147483647, '807 7th Junction'),
(7, 'Elna', 'Groneway', 2147483647, '8647 Mockingbird Parkway'),
(8, 'Luther', 'Clucas', 2147483647, '9231 Larry Circle'),
(9, 'Kenna', 'Hustler', 2029391032, '20887 Claremont Plaza'),
(10, 'Anderea', 'Gossage', 2147483647, '203 Independence Court'),
(11, 'Hildy', 'Larret', 2147483647, '7287 Memorial Lane'),
(12, 'Cyndy', 'Daniell', 2147483647, '446 Transport Way'),
(13, 'Anabelle', 'Binstead', 2147483647, '72735 Esker Alley'),
(14, 'Chiarra', 'Wincer', 2147483647, '5 Sunfield Crossing'),
(15, 'Priscella', 'Seacombe', 2147483647, '44 Harper Trail'),
(16, 'Francesca', 'Addy', 2147483647, '298 Hollow Ridge Drive'),
(17, 'Nicola', 'Scothorne', 2147483647, '9 Mifflin Hill'),
(18, 'Ozzie', 'Drewell', 2147483647, '33 Northwestern Circle'),
(19, 'Sherman', 'Sermin', 2147483647, '22 Vahlen Hill'),
(20, 'Ester', 'Frogley', 2147483647, '28 Menomonie Center'),
(21, 'Martelle', 'Wimbush', 2147483647, '83 Prentice Hill'),
(22, 'Archie', 'Penhearow', 2147483647, '6 Evergreen Junction'),
(23, 'Jameson', 'Witcombe', 2147483647, '5 Buena Vista Hill'),
(24, 'Sigismondo', 'McEttigen', 2147483647, '49926 Golf Course Trail'),
(25, 'Clarissa', 'Renad', 2147483647, '91355 Lakeland Street'),
(26, 'Kym', 'Bygreaves', 2056374241, '89 Delaware Street'),
(27, 'Angeline', 'Cristoforo', 2147483647, '858 Iowa Trail'),
(28, 'Leann', 'Hardwell', 2147483647, '8 Susan Pass'),
(29, 'Noel', 'Fullom', 2147483647, '58944 Bartillon Trail'),
(30, 'Dawna', 'Sibthorp', 2147483647, '1961 Farwell Place'),
(31, 'Andeee', 'Acum', 2147483647, '38 Grim Alley'),
(32, 'Derk', 'Arbuckle', 2147483647, '149 Troy Avenue'),
(33, 'Dania', 'Ksandra', 2147483647, '2 Pond Crossing'),
(34, 'Shalna', 'Turgoose', 2147483647, '118 Truax Street'),
(35, 'Viola', 'Daintith', 1641868960, '18 Lotheville Park'),
(36, 'Salem', 'Deniseau', 2147483647, '08 Raven Hill'),
(37, 'Rutledge', 'Lennox', 2147483647, '6699 Memorial Lane'),
(38, 'Kata', 'Defont', 2147483647, '222 Starling Trail'),
(39, 'Hilarius', 'Sisnett', 2147483647, '685 Arizona Hill'),
(40, 'Orel', 'Burkert', 2147483647, '24 Utah Alley'),
(41, 'Norby', 'Winthrop', 2147483647, '058 Stone Corner Road'),
(42, 'Dur', 'Beardsworth', 2147483647, '5 Forest Dale Place'),
(43, 'Adey', 'Starsmeare', 2147483647, '22500 Harper Pass'),
(44, 'Bunni', 'Royden', 2147483647, '6 Chive Point'),
(45, 'Nevin', 'Benyon', 2147483647, '5256 Crest Line Way'),
(46, 'Dinny', 'Broomhead', 2147483647, '675 Mifflin Alley'),
(47, 'Glen', 'Spittles', 1568258126, '491 Hoffman Park'),
(48, 'Mabel', 'Harper', 2147483647, '2 American Center'),
(49, 'Reggi', 'Saladino', 2147483647, '92 Anniversary Plaza'),
(50, 'Yvonne', 'Guidetti', 2147483647, '22324 Dorton Crossing'),
(51, 'Josephine', 'Capell', 2147483647, '112 Dahle Alley'),
(52, 'Conroy', 'Birrell', 2147483647, '26242 Merrick Center'),
(53, 'Marcus', 'Cawtheray', 2014449906, '85 Monica Drive'),
(54, 'Cirilo', 'Jorissen', 2147483647, '3689 Farwell Crossing'),
(55, 'Chuck', 'Treneer', 2147483647, '0591 Mariners Cove Circle'),
(56, 'Luce', 'Hawtrey', 2147483647, '16 Sherman Terrace'),
(57, 'Arlette', 'Tomaini', 2147483647, '066 Golden Leaf Circle'),
(58, 'Evan', 'Grewer', 2147483647, '4 Oak Valley Pass'),
(59, 'Nikolai', 'Fiennes', 2147483647, '57641 Schlimgen Place'),
(60, 'Selle', 'Langtry', 1011413675, '5550 Atwood Terrace'),
(61, 'Lanny', 'O\'Lennachain', 2147483647, '7 Troy Hill'),
(62, 'Mattie', 'Brookz', 2147483647, '31 Heath Circle'),
(63, 'Keslie', 'Bacop', 2147483647, '0062 Schmedeman Trail'),
(64, 'Benedicto', 'Wasiela', 2147483647, '3 Warbler Crossing'),
(65, 'Flem', 'Ness', 2147483647, '808 Blue Bill Park Center'),
(66, 'Teresa', 'Gley', 2147483647, '411 Oakridge Terrace'),
(67, 'Hewet', 'Cathenod', 2147483647, '86 Ridgeview Hill'),
(68, 'Izak', 'Tuiller', 2147483647, '498 Waubesa Court'),
(69, 'Drucy', 'Gisby', 2147483647, '3917 Caliangt Alley'),
(70, 'Boycey', 'Corroyer', 2147483647, '36840 Vahlen Crossing'),
(71, 'Beatrix', 'Pinnington', 2147483647, '750 Bluestem Parkway'),
(72, 'Mimi', 'Cockshoot', 2147483647, '00 Prairie Rose Center'),
(73, 'Philipa', 'Feld', 2147483647, '2255 Huxley Alley'),
(74, 'Trina', 'Ledgerton', 2147483647, '593 Hanson Point'),
(75, 'Aldous', 'Cheal', 2147483647, '447 Morrow Way'),
(76, 'Yoshi', 'Berthelet', 2147483647, '40744 Dottie Alley'),
(77, 'Pamela', 'Stuckley', 2147483647, '5008 Sauthoff Plaza'),
(78, 'Hagen', 'Heynen', 1974761935, '3 Spaight Center'),
(79, 'Katinka', 'McCraw', 2147483647, '075 Melrose Plaza'),
(80, 'Marieann', 'Allcroft', 2147483647, '4 Algoma Alley'),
(81, 'Martino', 'Wildman', 2147483647, '15814 Kinsman Plaza'),
(82, 'Fields', 'Wayt', 2147483647, '3210 Parkside Alley'),
(83, 'Ondrea', 'Jertz', 2147483647, '9 Thierer Circle'),
(84, 'Tamarra', 'Eagling', 2147483647, '197 Redwing Terrace'),
(85, 'Ilka', 'McDarmid', 2147483647, '24039 Miller Circle'),
(86, 'Alysia', 'Genese', 2147483647, '97514 Bartelt Park'),
(87, 'Waylon', 'Jamary', 2147483647, '64 Tony Place'),
(88, 'Elset', 'Siddele', 2147483647, '6670 Springview Drive'),
(89, 'Clarissa', 'Dunstall', 2147483647, '58 Manley Trail'),
(90, 'Selina', 'Whal', 2147483647, '48612 Judy Way'),
(91, 'Antonie', 'Hicklingbottom', 2147483647, '6873 East Pass'),
(92, 'Troy', 'Chaman', 2147483647, '8849 Clarendon Place'),
(93, 'Giacobo', 'Lyes', 1649268729, '696 Utah Crossing'),
(94, 'Tiphany', 'Braidwood', 2147483647, '910 Reinke Point'),
(95, 'Giustino', 'Wudeland', 2147483647, '7450 Maple Wood Crossing'),
(96, 'Dulsea', 'Sedgeworth', 2147483647, '57 Coolidge Lane'),
(97, 'Clerissa', 'Medley', 2147483647, '24 Iowa Street'),
(98, 'Bibby', 'Monro', 2147483647, '841 Sugar Center'),
(99, 'Marlane', 'O\' Molan', 1901914471, '88119 Dayton Crossing'),
(100, 'Aigneis', 'Lanham', 2147483647, '052 Bashford Park'),
(101, 'Libby', 'De Meyer', 2147483647, '91 Kenwood Road'),
(102, 'Major', 'De Freyne', 2147483647, '9655 Carpenter Junction'),
(103, 'Nathaniel', 'Claworth', 2147483647, '5 Kim Place'),
(104, 'Katharina', 'Sherrington', 1098895239, '0929 Service Court'),
(105, 'Jeremie', 'Streeton', 2147483647, '95 Division Center'),
(106, 'Tonnie', 'Starmont', 2147483647, '91432 Dayton Court'),
(107, 'Jessie', 'Hince', 2147483647, '9449 Blaine Avenue'),
(108, 'Oliy', 'Nobriga', 2147483647, '11 Elka Trail'),
(109, 'Paten', 'Bellino', 2147483647, '23824 Katie Court'),
(110, 'Matthus', 'Wescott', 2147483647, '97 Orin Circle'),
(111, 'Charity', 'Parsand', 2147483647, '67661 Westend Avenue'),
(112, 'Marcella', 'Rainey', 2147483647, '595 Katie Drive'),
(113, 'Darelle', 'Aven', 2147483647, '46836 Ridgeway Center'),
(114, 'Lavinie', 'Pollastrone', 2147483647, '1 Longview Park'),
(115, 'Carter', 'Kenelin', 2147483647, '920 Morning Court'),
(116, 'Annecorinne', 'Howgego', 2147483647, '35 Chive Court'),
(117, 'Korry', 'Sinney', 2147483647, '47 Hagan Park'),
(118, 'Philippe', 'McVity', 1436820695, '63 Green Ridge Trail'),
(119, 'Vonnie', 'Cheves', 2147483647, '564 Emmet Circle'),
(120, 'Hymie', 'Hatfield', 2147483647, '61 Carberry Avenue'),
(121, 'Allianora', 'Mackney', 2147483647, '53882 Park Meadow Alley'),
(122, 'Roscoe', 'Dabrowski', 2147483647, '744 Goodland Point'),
(123, 'Lindy', 'Glancy', 2147483647, '94432 Canary Pass'),
(124, 'Erie', 'Beardsley', 2147483647, '68345 Vidon Alley'),
(125, 'Rosaleen', 'Rylands', 2147483647, '763 Victoria Parkway'),
(126, 'Fitzgerald', 'Copestake', 2147483647, '55 Mallory Circle'),
(127, 'Selle', 'Cerro', 2147483647, '169 Monument Street'),
(128, 'Johann', 'Vales', 2147483647, '65304 Paget Lane'),
(129, 'Coralyn', 'Woolfenden', 2147483647, '0 Debra Place'),
(130, 'Delores', 'Mowsley', 2147483647, '4974 Marcy Circle'),
(131, 'Jacob', 'Lasselle', 2147483647, '9 Dapin Plaza'),
(132, 'Verine', 'Dymidowicz', 2147483647, '1560 Algoma Pass'),
(133, 'Sky', 'Asch', 2147483647, '32 Reinke Junction'),
(134, 'Jessa', 'Alleyne', 2147483647, '6 Nelson Trail'),
(135, 'Jacob', 'Tankus', 2147483647, '2372 Luster Avenue'),
(136, 'Berk', 'Teek', 2147483647, '57890 East Street'),
(137, 'Anabal', 'Wildbore', 2147483647, '9 Cherokee Point'),
(138, 'Tedda', 'Paolini', 2147483647, '4 Darwin Avenue'),
(139, 'Ira', 'Hallad', 2147483647, '421 Burrows Place'),
(140, 'Geoffry', 'Southeran', 2147483647, '1 1st Drive'),
(141, 'Walker', 'Heighton', 2147483647, '0456 Messerschmidt Court'),
(142, 'Brennan', 'Lording', 1749786446, '58 Hanson Crossing'),
(143, 'Quinn', 'Harmeston', 2147483647, '07 Clemons Center'),
(144, 'Eldon', 'Pettie', 2147483647, '9450 Killdeer Drive'),
(145, 'Annie', 'Yter', 2147483647, '1 Homewood Plaza'),
(146, 'Celie', 'Prosch', 1517979475, '38 Bellgrove Way'),
(147, 'Mariya', 'Siemens', 2147483647, '25559 Reinke Lane'),
(148, 'Dari', 'Darbon', 2147483647, '557 Fordem Junction'),
(149, 'Etty', 'Norcop', 2147483647, '6 Novick Road'),
(150, 'Cherice', 'Blanking', 2147483647, '855 Sugar Pass'),
(151, 'Lawton', 'Mannix', 2147483647, '92518 Mifflin Lane'),
(152, 'Mordy', 'Hulance', 2147483647, '7991 Lerdahl Trail'),
(153, 'Wiley', 'O\' Hanvey', 2147483647, '39897 Namekagon Alley'),
(154, 'Lucita', 'Simonato', 2147483647, '1 Sommers Crossing'),
(155, 'Loretta', 'Immins', 2037861756, '1 Menomonie Trail'),
(156, 'Seward', 'Cranston', 2147483647, '70736 Main Hill'),
(157, 'Brenn', 'Coviello', 2147483647, '64242 Badeau Park'),
(158, 'Tobie', 'Santello', 2147483647, '568 Johnson Avenue'),
(159, 'Granger', 'Gozzard', 2147483647, '333 Manufacturers Drive'),
(160, 'Cecile', 'Charge', 2147483647, '08 Division Road'),
(161, 'Delbert', 'Baltrushaitis', 2147483647, '7310 Susan Avenue'),
(162, 'Ali', 'Embury', 2147483647, '45450 Anderson Park'),
(163, 'Dunn', 'Gomez', 1419284556, '676 Dexter Court'),
(164, 'Tamma', 'Lapree', 2147483647, '83 Melody Parkway'),
(165, 'Swen', 'Weatherell', 2147483647, '367 Fremont Junction'),
(166, 'Karry', 'Trolley', 2147483647, '21 Acker Way'),
(167, 'Samara', 'Madgwich', 2147483647, '98 Cascade Drive'),
(168, 'Skipper', 'Padden', 2147483647, '0022 Nova Plaza'),
(169, 'Verine', 'Cominotti', 2147483647, '107 Hooker Point'),
(170, 'Barnabe', 'Ketch', 2147483647, '9 Russell Trail'),
(171, 'Keefer', 'Stummeyer', 2147483647, '6120 Washington Crossing'),
(172, 'Corrine', 'Arnopp', 2026393584, '1624 Karstens Pass'),
(173, 'Rubia', 'Daber', 2147483647, '512 Upham Street'),
(174, 'Zackariah', 'MacConneely', 2147483647, '80985 Caliangt Pass'),
(175, 'Skipp', 'Brozsset', 2147483647, '9 Moland Terrace'),
(176, 'Modesty', 'Vakhonin', 2147483647, '25 Vermont Point'),
(177, 'Ewart', 'MacTrustey', 2147483647, '95242 Quincy Terrace'),
(178, 'Camilla', 'Perrins', 1831280484, '845 Ilene Road'),
(179, 'Eadie', 'Voce', 2147483647, '9981 Ridge Oak Avenue'),
(180, 'Kailey', 'Bertot', 1484393358, '45 Oak Terrace'),
(181, 'Milton', 'Ralph', 2147483647, '2735 Cambridge Road'),
(182, 'Griffin', 'Steven', 2147483647, '64197 John Wall Court'),
(183, 'Myrle', 'Iacivelli', 2147483647, '256 Fairfield Street'),
(184, 'Kristan', 'Benne', 2147483647, '06 Crest Line Center'),
(185, 'Dael', 'Rivallant', 2147483647, '66833 Shelley Street'),
(186, 'Christye', 'Reace', 2147483647, '974 Orin Avenue'),
(187, 'Mitchael', 'Staff', 2147483647, '934 Haas Drive'),
(188, 'Otto', 'Yesipov', 2147483647, '109 Shopko Plaza'),
(189, 'Hortensia', 'Le Breton De La Vieu', 2147483647, '6 Kinsman Parkway'),
(190, 'Ravi', 'Horrell', 2147483647, '26 South Lane'),
(191, 'Cecilia', 'Ewbach', 2147483647, '5 West Crossing'),
(192, 'Ferdinande', 'Navan', 2147483647, '888 Hanson Road'),
(193, 'Louella', 'Hatch', 2147483647, '71 Straubel Avenue'),
(194, 'Carmel', 'Haisell', 2147483647, '6 Barnett Parkway'),
(195, 'Allsun', 'Nottram', 1387576651, '8403 Holy Cross Road'),
(196, 'Cyrus', 'Ajsik', 2147483647, '19 Mesta Hill'),
(197, 'Van', 'Poletto', 2147483647, '09 Fallview Drive'),
(198, 'Anne', 'Durnell', 2147483647, '4166 Autumn Leaf Park'),
(199, 'Dayle', 'Heigho', 2147483647, '98729 Monterey Junction'),
(200, 'Vidovic', 'Halloran', 2147483647, '430 Division Way'),
(201, 'Betta', 'Yesichev', 2147483647, '379 Westerfield Court'),
(202, 'Jayme', 'MacCaffery', 2147483647, '396 New Castle Center'),
(203, 'Hubey', 'Sillwood', 2147483647, '77 Straubel Lane'),
(204, 'Marius', 'Reddick', 2147483647, '41 Warbler Trail'),
(205, 'Bernarr', 'Zorro', 2147483647, '46 Paget Pass'),
(206, 'Thorny', 'Eyam', 2147483647, '22 Anderson Street'),
(207, 'Roarke', 'Junes', 1954480789, '2 Jana Center'),
(208, 'Gale', 'Steele', 2147483647, '3 Iowa Street'),
(209, 'Gilda', 'Bortoletti', 2147483647, '947 Fisk Terrace'),
(210, 'Georas', 'Saben', 2147483647, '6081 School Place'),
(211, 'Robbie', 'Choulerton', 1157477051, '220 Luster Terrace'),
(212, 'Fina', 'Angerstein', 2147483647, '44 Thompson Alley'),
(213, 'Elton', 'Tubbles', 2147483647, '13 Steensland Plaza'),
(214, 'Jessalyn', 'McCome', 2147483647, '1731 Doe Crossing Parkway'),
(215, 'Dennie', 'Scannell', 2147483647, '01 Colorado Road'),
(216, 'Sergeant', 'Southernwood', 2147483647, '803 Hermina Circle'),
(217, 'Lewie', 'Canelas', 2147483647, '133 Bluejay Pass'),
(218, 'Valerye', 'Whightman', 2147483647, '536 Superior Trail'),
(219, 'Melodee', 'Standall', 2147483647, '8279 West Road'),
(220, 'Pascale', 'Bassingham', 2147483647, '05402 Di Loreto Drive'),
(221, 'Emmye', 'Pointing', 1402285149, '05920 Mayfield Way'),
(222, 'Cal', 'Twyning', 2147483647, '328 Sloan Avenue'),
(223, 'Maxie', 'Jersch', 2147483647, '9 Nova Road'),
(224, 'Sylas', 'Jurek', 2147483647, '62672 Shopko Point'),
(225, 'Sanders', 'Mouton', 2147483647, '8940 Fieldstone Terrace'),
(226, 'Clarissa', 'Charlewood', 2147483647, '9708 Mandrake Circle'),
(227, 'Melvin', 'Couroy', 2147483647, '886 Oxford Court'),
(228, 'Bradney', 'Canero', 2147483647, '27 Dawn Avenue'),
(229, 'Dev', 'Corringham', 2147483647, '9 Calypso Lane'),
(230, 'Cornelius', 'Rivelon', 2147483647, '3 Hagan Center'),
(231, 'Timmie', 'Locks', 2147483647, '1621 Toban Trail'),
(232, 'Pammie', 'Robins', 2147483647, '2 Hintze Road'),
(233, 'Nonie', 'Benford', 2147483647, '96 Jay Pass'),
(234, 'Sunny', 'Temple', 2147483647, '9528 East Drive'),
(235, 'Pebrook', 'Coke', 2147483647, '7090 Hoard Place'),
(236, 'Kathye', 'Doige', 2147483647, '1055 Jay Road'),
(237, 'Homere', 'Maciak', 2147483647, '682 Garrison Road'),
(238, 'Gregorio', 'Bremond', 2147483647, '0 Hayes Parkway'),
(239, 'Clerc', 'Fagan', 2147483647, '0 Buell Park'),
(240, 'Alberik', 'Ducker', 2147483647, '2 Fair Oaks Place'),
(241, 'Ludovika', 'Ojeda', 2147483647, '57170 Schurz Lane'),
(242, 'Thomasin', 'Pipkin', 2147483647, '42 Hermina Road'),
(243, 'Bobbye', 'Bilborough', 2147483647, '04 Arapahoe Way'),
(244, 'Dominic', 'Ganforth', 2147483647, '0380 West Crossing'),
(245, 'Lissi', 'McFadzean', 2147483647, '90716 Evergreen Trail'),
(246, 'Royce', 'Tunkin', 2147483647, '173 Lerdahl Place'),
(247, 'Frasquito', 'Finby', 1845993801, '66710 Melrose Crossing'),
(248, 'Winne', 'Jurca', 2147483647, '9763 Weeping Birch Trail'),
(249, 'Powell', 'Faraday', 2147483647, '68 Mifflin Hill'),
(250, 'Henryetta', 'Bauer', 2147483647, '96 Lakewood Gardens Way'),
(251, 'Kipp', 'Pinor', 2147483647, '4 Leroy Terrace'),
(252, 'Holly', 'Wreiford', 2147483647, '754 Merry Way'),
(253, 'Janos', 'Gidley', 2147483647, '2191 Cascade Lane'),
(254, 'Tades', 'Lorente', 2147483647, '93294 Shoshone Junction'),
(255, 'Melanie', 'Farey', 2147483647, '6568 Carey Circle'),
(256, 'Mikol', 'Petters', 2147483647, '66987 Merrick Terrace'),
(257, 'Hugh', 'Fones', 2147483647, '69079 Stoughton Plaza'),
(258, 'Eleanora', 'Bingall', 2147483647, '7 Carberry Crossing'),
(259, 'Inez', 'Shildrake', 2147483647, '6 Transport Crossing'),
(260, 'Nanon', 'Fassman', 2147483647, '05438 Division Alley'),
(261, 'Mora', 'Spittal', 2147483647, '73 Shasta Trail'),
(262, 'Frederico', 'Omar', 2147483647, '3126 Cambridge Drive'),
(263, 'Theodoric', 'Fydoe', 2147483647, '85 Sherman Way'),
(264, 'Orin', 'Gadsden', 2147483647, '736 Gina Park'),
(265, 'Mohandis', 'Butson', 2147483647, '7150 Heath Hill'),
(266, 'Myron', 'Popple', 2147483647, '43 Bartillon Avenue'),
(267, 'Waneta', 'Attwater', 1613912975, '852 Roth Court'),
(268, 'Piper', 'Toogood', 2147483647, '4 Schmedeman Terrace'),
(269, 'Byron', 'Rosettini', 2147483647, '54 Fremont Circle'),
(270, 'Delcine', 'Timmermann', 2147483647, '65674 Monument Terrace'),
(271, 'Ernie', 'Dibben', 1765738103, '3181 Mosinee Way'),
(272, 'Sarge', 'Lockett', 1079105138, '28773 Gulseth Avenue'),
(273, 'Nerty', 'Troyes', 2147483647, '3174 Comanche Park'),
(274, 'Wang', 'Plumb', 2147483647, '5866 Duke Center'),
(275, 'Courtenay', 'Birbeck', 2147483647, '6411 Tennyson Road'),
(276, 'Asher', 'Sage', 2147483647, '5688 Claremont Drive'),
(277, 'Eva', 'Larratt', 2147483647, '027 Messerschmidt Trail'),
(278, 'Nicolle', 'Guinane', 2147483647, '8 Cody Drive'),
(279, 'Irving', 'Gummer', 1501072218, '0 International Court'),
(280, 'Noreen', 'Van der Brug', 2147483647, '85 Prentice Plaza'),
(281, 'Myrwyn', 'Widmore', 2147483647, '29105 Dennis Park'),
(282, 'Otho', 'Mayward', 2147483647, '86 Haas Alley'),
(283, 'Caril', 'Owers', 2147483647, '79891 Shoshone Avenue'),
(284, 'Brianne', 'Bullier', 2147483647, '6497 Meadow Valley Lane'),
(285, 'Catharina', 'Merrin', 2147483647, '778 Westend Parkway'),
(286, 'Danna', 'Sircomb', 2147483647, '5 Blue Bill Park Alley'),
(287, 'Berni', 'Deackes', 2147483647, '588 Autumn Leaf Place'),
(288, 'Aida', 'Stearn', 2147483647, '7304 Bonner Pass'),
(289, 'Dory', 'Davidwitz', 2147483647, '9 Stuart Street'),
(290, 'Ingar', 'Petrishchev', 2147483647, '1 Fair Oaks Road'),
(291, 'Skye', 'Moakes', 2147483647, '925 Dixon Road'),
(292, 'Farrah', 'Ridding', 2147483647, '676 Atwood Terrace'),
(293, 'Nickolas', 'Lardiner', 2147483647, '68138 Hazelcrest Drive'),
(294, 'Evelina', 'Annice', 2147483647, '802 La Follette Way'),
(295, 'Lucho', 'Fray', 2147483647, '7 Magdeline Court'),
(296, 'Ethelda', 'Thurner', 2147483647, '42 Kedzie Lane'),
(297, 'Hillary', 'Lanning', 2147483647, '9724 Carpenter Way'),
(298, 'Sutherland', 'Potkins', 2147483647, '24028 Corscot Park'),
(299, 'Fredericka', 'Gallimore', 2147483647, '58536 Thackeray Court'),
(300, 'Jayne', 'Frusher', 2147483647, '50 Rowland Street'),
(301, 'Lucille', 'Roostan', 2147483647, '3 Spaight Parkway'),
(302, 'Paulette', 'Verrick', 2147483647, '320 Lyons Lane'),
(303, 'Jacobo', 'Wormleighton', 2147483647, '6 Fisk Hill'),
(304, 'Margot', 'Cheesley', 1861144435, '94 Vermont Point'),
(305, 'Leandra', 'Wipfler', 2147483647, '47812 Heffernan Parkway'),
(306, 'Sebastien', 'Feaviour', 2147483647, '629 Cottonwood Parkway'),
(307, 'Eugene', 'Dagwell', 2147483647, '423 Havey Lane'),
(308, 'Cathrin', 'Milsted', 2147483647, '3398 Farmco Street'),
(309, 'Donal', 'Woollcott', 2147483647, '94 Carey Alley'),
(310, 'Erich', 'Gudahy', 2147483647, '5 Hoepker Pass'),
(311, 'Katuscha', 'Bullard', 2147483647, '12090 Longview Trail'),
(312, 'Orville', 'Granville', 2147483647, '31020 6th Park'),
(313, 'Roxane', 'Rotte', 1817249878, '1418 Commercial Street'),
(314, 'Doy', 'Hruska', 2147483647, '97 Miller Crossing'),
(315, 'Mindy', 'Deelay', 2147483647, '36316 4th Crossing'),
(316, 'Rana', 'Oliveti', 2147483647, '7 Artisan Alley'),
(317, 'Selie', 'Simenot', 2147483647, '880 Anderson Parkway'),
(318, 'Clerc', 'Marton', 2147483647, '96 Vera Place'),
(319, 'Tressa', 'Robilart', 1638890708, '727 Annamark Alley'),
(320, 'Algernon', 'Hoffman', 2147483647, '797 Elmside Lane'),
(321, 'Artur', 'Kernermann', 2147483647, '0 2nd Pass'),
(322, 'Rosalia', 'Banbrook', 2147483647, '92521 Straubel Crossing'),
(323, 'Brynn', 'Irlam', 2147483647, '0177 Heath Pass'),
(324, 'Candi', 'Hallibone', 2147483647, '843 Scofield Avenue'),
(325, 'Giselbert', 'Ever', 1712278682, '3185 Mcguire Way'),
(326, 'Rey', 'Wales', 2147483647, '23732 Goodland Pass'),
(327, 'Keen', 'Handlin', 2147483647, '0 Green Ridge Parkway'),
(328, 'Brinn', 'Godwyn', 1958017390, '3 Riverside Plaza'),
(329, 'Lorry', 'Getty', 2147483647, '2159 Arapahoe Crossing'),
(330, 'Andreas', 'McSpirron', 2147483647, '52958 Dayton Plaza'),
(331, 'Hope', 'Bliben', 2147483647, '02 Bartelt Trail'),
(332, 'Ellery', 'Wisden', 2147483647, '32014 Leroy Place'),
(333, 'Stewart', 'Spick', 2147483647, '32 Fisk Terrace'),
(334, 'Rollin', 'Cromley', 2147483647, '536 Shasta Circle'),
(335, 'Lucila', 'Rylance', 2147483647, '46866 Springs Road'),
(336, 'Tommie', 'Pinkstone', 2147483647, '7131 Commercial Center'),
(337, 'Jillian', 'Rogers', 2147483647, '71 Starling Court'),
(338, 'Peggie', 'Windmill', 2147483647, '55859 Sundown Lane'),
(339, 'Inness', 'Rimbault', 2147483647, '566 Schlimgen Lane'),
(340, 'Iggy', 'Floyde', 2147483647, '10716 Sutteridge Road'),
(341, 'Charlean', 'Monteath', 2147483647, '65 Schurz Street'),
(342, 'Kassie', 'Forseith', 2147483647, '57432 Grayhawk Plaza'),
(343, 'Maia', 'Blest', 2147483647, '00033 Hooker Lane'),
(344, 'Tanitansy', 'Beslier', 2147483647, '7202 Crescent Oaks Avenue'),
(345, 'Frankie', 'Colliar', 2147483647, '85651 Holy Cross Point'),
(346, 'Adams', 'McCowan', 2147483647, '011 Northwestern Lane'),
(347, 'Cherrita', 'Gallardo', 2147483647, '30 Nova Drive'),
(348, 'Meier', 'Mattke', 2147483647, '82973 Graedel Drive'),
(349, 'Beck', 'Lamont', 2147483647, '0769 Morning Hill'),
(350, 'Rhona', 'Wedmore.', 2147483647, '8486 Eastwood Avenue'),
(351, 'Rolf', 'Adolfson', 1205436771, '0 Homewood Court'),
(352, 'Gerta', 'Garry', 1139952322, '714 Merrick Plaza'),
(353, 'Fredia', 'Mattholie', 2147483647, '9514 Twin Pines Circle'),
(354, 'Jodie', 'Layson', 2147483647, '2691 Sundown Junction'),
(355, 'Barbra', 'Tweedle', 2147483647, '58 Hallows Street'),
(356, 'Gillian', 'McCartney', 2147483647, '6149 Golf View Park'),
(357, 'Alfons', 'Paffot', 2147483647, '1840 Hagan Crossing'),
(358, 'Rodge', 'Rykert', 2147483647, '2066 Hazelcrest Alley'),
(359, 'Fowler', 'MacAree', 1489383683, '658 Muir Plaza'),
(360, 'Freida', 'Boulger', 1344418440, '58 Di Loreto Court'),
(361, 'Jabez', 'Jacobs', 2147483647, '650 Tennessee Street'),
(362, 'Inga', 'Cordery', 2147483647, '63481 Hintze Crossing'),
(363, 'Kit', 'Eversley', 2147483647, '6 Steensland Place'),
(364, 'Melonie', 'Tofful', 2147483647, '48904 Randy Trail'),
(365, 'Alethea', 'Bakster', 2147483647, '74386 Bashford Place'),
(366, 'Aarika', 'Brede', 2147483647, '46844 Carioca Alley'),
(367, 'Quinta', 'Hoys', 2147483647, '050 Evergreen Hill'),
(368, 'Ase', 'Petronis', 2147483647, '6399 Cardinal Parkway'),
(369, 'Homer', 'Fuzzens', 1355218189, '8 Ludington Street'),
(370, 'Gradeigh', 'Filchagin', 1603539154, '38 Artisan Point'),
(371, 'Arline', 'Brislen', 2147483647, '3313 Hoffman Plaza'),
(372, 'Fidelia', 'Shury', 2147483647, '079 Judy Junction'),
(373, 'Sabrina', 'Fruchter', 2147483647, '0 Ridgeview Court'),
(374, 'Flora', 'Dalgleish', 2147483647, '6 Service Drive'),
(375, 'Frazier', 'Trewman', 2147483647, '9 Clyde Gallagher Junction'),
(376, 'Odilia', 'Fallens', 2147483647, '59 Thierer Plaza'),
(377, 'Benedicto', 'Lindner', 2147483647, '2779 3rd Alley'),
(378, 'Forrest', 'Kohrt', 2147483647, '06250 Sugar Crossing'),
(379, 'Vincenty', 'McReidy', 2147483647, '51165 Susan Road'),
(380, 'Lenci', 'Lumsdaine', 1665278355, '18 Del Mar Trail'),
(381, 'Sunny', 'Klosser', 2147483647, '8010 Jana Drive'),
(382, 'Kirbie', 'Sammut', 1431684337, '9 Cordelia Place'),
(383, 'Chadwick', 'Izard', 1852529528, '3 Hoffman Terrace'),
(384, 'Winthrop', 'Chesnut', 2067701898, '92556 Becker Lane'),
(385, 'Svend', 'Varvara', 1665332878, '3 Morrow Hill'),
(386, 'Tadeo', 'Letterick', 2147483647, '9 Aberg Plaza'),
(387, 'Kylynn', 'Ellgood', 2147483647, '38 Packers Parkway'),
(388, 'Fawne', 'Dumke', 2147483647, '9031 Mcbride Way'),
(389, 'Spence', 'Denyukin', 2147483647, '1048 Grasskamp Alley'),
(390, 'Vida', 'Wankling', 2147483647, '9 8th Drive'),
(391, 'Marillin', 'Mattisssen', 2147483647, '3795 Emmet Plaza'),
(392, 'Elliot', 'Winchester', 2147483647, '385 Derek Drive'),
(393, 'Kaitlin', 'Orbon', 2147483647, '24 Larry Lane'),
(394, 'Vasily', 'Saket', 1135832616, '1 Commercial Drive'),
(395, 'Dorette', 'Moden', 2083693304, '42122 Twin Pines Place'),
(396, 'Toni', 'Chardin', 2147483647, '3810 Shopko Center'),
(397, 'Judd', 'Woolis', 2147483647, '60 Sycamore Alley'),
(398, 'Sarine', 'Shallcroff', 2147483647, '8902 Colorado Avenue'),
(399, 'Marcy', 'Tolchar', 2147483647, '1861 Wayridge Way'),
(400, 'Cinderella', 'Pashenkov', 2147483647, '70246 Manley Place'),
(401, 'Jerrold', 'Dunnet', 2147483647, '2596 Manufacturers Road'),
(402, 'Ugo', 'Oughton', 2147483647, '0 Maywood Street'),
(403, 'Francisca', 'Scopham', 1639898006, '78 Gerald Plaza'),
(404, 'Lucho', 'Capstaff', 2147483647, '53881 Summer Ridge Trail'),
(405, 'Constanta', 'Rivilis', 2147483647, '93549 Derek Trail'),
(406, 'Shanda', 'Nicklinson', 2147483647, '364 Rusk Court'),
(407, 'Ulises', 'Addy', 2147483647, '23810 Dovetail Avenue'),
(408, 'Marjy', 'Huggen', 2147483647, '03 Grover Street'),
(409, 'Katee', 'Izkovitch', 2147483647, '3 Milwaukee Circle'),
(410, 'Sonnie', 'Raitt', 2147483647, '973 Hansons Lane'),
(411, 'Danika', 'Reuben', 2147483647, '993 Union Park'),
(412, 'Maryjo', 'Girk', 2147483647, '53 Granby Center'),
(413, 'Daryle', 'Lashmore', 2147483647, '80 Mcguire Parkway'),
(414, 'Tracy', 'Hilhouse', 2147483647, '42 Holmberg Road'),
(415, 'Rosemarie', 'Hasnip', 2147483647, '36 Spenser Park'),
(416, 'Vasily', 'Valens-Smith', 2147483647, '31 Crescent Oaks Park'),
(417, 'Felipa', 'Sutter', 2147483647, '4 Harbort Road'),
(418, 'Briant', 'Elmar', 2147483647, '00172 Stuart Hill'),
(419, 'Elita', 'Rogliero', 1975307628, '73 Prairie Rose Street'),
(420, 'Gloriana', 'Wyson', 2147483647, '93703 Sunnyside Center'),
(421, 'Lidia', 'McGinn', 2147483647, '546 Hermina Plaza'),
(422, 'Elmer', 'Judge', 2147483647, '73 Blaine Crossing'),
(423, 'Debby', 'Eisikowitz', 2147483647, '29129 Sauthoff Terrace'),
(424, 'Thorstein', 'Surby', 2147483647, '2 Schlimgen Park'),
(425, 'Salomon', 'Jacks', 2147483647, '69810 Northport Park'),
(426, 'Dell', 'Gwyther', 2091088540, '77 Russell Hill'),
(427, 'Syd', 'Jowle', 2147483647, '31 Birchwood Alley'),
(428, 'Sapphira', 'Wight', 2147483647, '9 Talisman Way'),
(429, 'Gratiana', 'Proppers', 2147483647, '88 Sutteridge Hill'),
(430, 'Haskell', 'Trevan', 2147483647, '6444 Leroy Pass'),
(431, 'Fitz', 'Peterson', 2147483647, '65 Harper Plaza'),
(432, 'Benjy', 'Jancso', 1702859629, '69736 Hermina Center'),
(433, 'Tania', 'Buret', 2147483647, '15 Old Gate Alley'),
(434, 'Emmeline', 'Goodbur', 2147483647, '7434 Spohn Hill'),
(435, 'Gennie', 'Hynde', 1868096481, '726 Warrior Hill'),
(436, 'Franzen', 'Jeandel', 2147483647, '535 Vera Park'),
(437, 'Wake', 'Biddleston', 2147483647, '65 Chinook Way'),
(438, 'Ernestine', 'Uzielli', 2147483647, '83309 Grim Avenue'),
(439, 'Emilia', 'Moseley', 1122323522, '3 Dakota Park'),
(440, 'Yolane', 'Lemmens', 2147483647, '038 Sullivan Court'),
(441, 'Arne', 'Waddoups', 2147483647, '7131 Northport Trail'),
(442, 'Odetta', 'Phipard-Shears', 2147483647, '18 Nobel Park'),
(443, 'Maurice', 'Dalby', 2147483647, '31 Lakewood Gardens Court'),
(444, 'Corabel', 'Goodram', 2147483647, '94 Meadow Ridge Park'),
(445, 'Isac', 'Bostick', 2147483647, '312 Huxley Way'),
(446, 'Torr', 'Hostan', 2147483647, '97 Anderson Point'),
(447, 'Karly', 'Lenahan', 2147483647, '167 Spaight Point'),
(448, 'Evered', 'Anglim', 2147483647, '332 Monica Parkway'),
(449, 'Eloise', 'De Miranda', 2147483647, '2 Bay Trail'),
(450, 'Anneliese', 'Parbrook', 2147483647, '940 Rockefeller Parkway'),
(451, 'Deni', 'Aldred', 2147483647, '706 Lake View Pass'),
(452, 'Cale', 'Lubbock', 2147483647, '1 Oriole Way'),
(453, 'Ode', 'Taveriner', 2147483647, '48 Moulton Avenue'),
(454, 'Raimund', 'Shackell', 2147483647, '0325 Mandrake Park'),
(455, 'Inigo', 'Muckle', 2147483647, '609 Sullivan Circle'),
(456, 'Nannie', 'Braund', 2098038932, '6754 Merrick Parkway'),
(457, 'Nickey', 'Vargas', 2147483647, '4 Buell Circle'),
(458, 'Ilyssa', 'Jovic', 1967847077, '50955 Golf Course Trail'),
(459, 'Hallsy', 'Hoyer', 2147483647, '698 Briar Crest Parkway'),
(460, 'Reider', 'Desport', 2147483647, '167 Victoria Lane'),
(461, 'Wye', 'Dankov', 2147483647, '9 Novick Circle'),
(462, 'Martin', 'Conrad', 1622961358, '61151 Larry Street'),
(463, 'Noellyn', 'Doag', 2147483647, '34524 Rusk Place'),
(464, 'Allyce', 'Gladdis', 2147483647, '1931 Truax Trail'),
(465, 'Nichols', 'McGinly', 2147483647, '5 Morningstar Way'),
(466, 'Roberta', 'Couronne', 1578917363, '8919 Calypso Court'),
(467, 'Britt', 'Farreil', 2147483647, '074 Lunder Circle'),
(468, 'Jodie', 'Dunabie', 1595599533, '5343 Jackson Way'),
(469, 'Muffin', 'Cranson', 2147483647, '10933 Dawn Trail'),
(470, 'Udale', 'Fowell', 2147483647, '4784 Victoria Place'),
(471, 'Tracie', 'Allanby', 2147483647, '35 Meadow Vale Terrace'),
(472, 'Sallyann', 'Heugle', 2147483647, '6703 Lillian Pass'),
(473, 'Carole', 'Jaqueme', 2147483647, '1 Leroy Alley'),
(474, 'Gare', 'Dixsee', 2147483647, '5897 Derek Way'),
(475, 'Julian', 'Gipp', 2147483647, '3 Lukken Crossing'),
(476, 'Christin', 'Moorfield', 2147483647, '07813 Summerview Trail'),
(477, 'Che', 'Attewell', 2147483647, '0749 Blaine Place'),
(478, 'Claudetta', 'Penritt', 2147483647, '0073 Barby Parkway'),
(479, 'Garrott', 'Zuanelli', 2147483647, '55507 Pepper Wood Road'),
(480, 'Joe', 'Bilbrooke', 2147483647, '65653 Derek Junction'),
(481, 'Erika', 'Gaughan', 2147483647, '239 Haas Drive'),
(482, 'Maggee', 'Besant', 2147483647, '480 Schiller Junction'),
(483, 'Tania', 'Dryburgh', 2147483647, '13790 American Circle'),
(484, 'Betsey', 'O\' Ronan', 1028917935, '9463 Warbler Road'),
(485, 'Terrence', 'Nyssens', 2147483647, '731 Lighthouse Bay Junction'),
(486, 'Dorrie', 'Melling', 2147483647, '4115 Summerview Crossing'),
(487, 'Lurleen', 'Austick', 2147483647, '42088 Village Street'),
(488, 'Neille', 'Symons', 2147483647, '0 Sutherland Trail'),
(489, 'Alice', 'Leopard', 2147483647, '8466 Havey Lane'),
(490, 'Christina', 'Castleton', 2147483647, '82 Becker Park'),
(491, 'Jordan', 'Lyndon', 2147483647, '1555 Main Trail'),
(492, 'Nefen', 'Derrett', 2147483647, '923 Grim Street'),
(493, 'Piggy', 'Giordano', 2147483647, '4 Iowa Place'),
(494, 'Binky', 'Folomin', 2147483647, '59 Onsgard Crossing'),
(495, 'Carolyne', 'Wetter', 2147483647, '2310 Reinke Junction'),
(496, 'Gwynne', 'Duchateau', 2147483647, '4 Ridgeway Center'),
(497, 'Hildagarde', 'Gawke', 2147483647, '15944 Center Center'),
(498, 'Brodie', 'Heinzler', 2147483647, '3710 Elmside Plaza'),
(499, 'Suzie', 'Martill', 2147483647, '4 Warrior Place'),
(500, 'Fayre', 'Palfery', 2147483647, '5 Spaight Pass'),
(501, 'Dillon', 'Cunney', 1569440011, '38 Pleasure Way'),
(502, 'Beulah', 'Beadnall', 1934299973, '83 Dorton Avenue'),
(503, 'Brit', 'Bamlett', 2147483647, '72 Tennessee Court'),
(504, 'Bernetta', 'Didsbury', 2147483647, '91 Holy Cross Alley'),
(505, 'Brantley', 'Sturgis', 2147483647, '774 Monica Crossing'),
(506, 'Levi', 'Domerq', 1215024562, '6778 Warbler Park'),
(507, 'Trent', 'Corzor', 2147483647, '41 Eagan Trail'),
(508, 'Sal', 'Harvie', 2147483647, '9502 Blackbird Junction'),
(509, 'Mose', 'Kerkham', 2147483647, '8 Washington Hill'),
(510, 'Marlyn', 'Nasi', 2147483647, '9523 Vera Point'),
(511, 'Yoko', 'Plumley', 2147483647, '80 Almo Hill'),
(512, 'Marianne', 'Miskelly', 2147483647, '85 Northport Drive'),
(513, 'Clark', 'Pattisson', 1394447172, '09 Mallory Pass'),
(514, 'Allayne', 'Need', 2053322438, '638 Melody Hill'),
(515, 'Gael', 'Di Franceshci', 2147483647, '8979 Kropf Point'),
(516, 'Darsie', 'Schonfelder', 2147483647, '90 Ludington Drive'),
(517, 'Heindrick', 'Dimsdale', 2147483647, '6697 Montana Park'),
(518, 'Cherilyn', 'Brennand', 2147483647, '50 Dapin Center'),
(519, 'Felicdad', 'Sitwell', 2147483647, '3815 Carberry Parkway'),
(520, 'Estell', 'Coleshill', 2147483647, '26 Corben Pass'),
(521, 'Anton', 'Lawtey', 2147483647, '806 Caliangt Junction'),
(522, 'Jammie', 'Daintith', 2147483647, '78178 Eastwood Street'),
(523, 'Tanhya', 'Blundon', 2147483647, '7389 Onsgard Drive'),
(524, 'Augusto', 'Syrie', 2147483647, '33055 Corscot Terrace'),
(525, 'Fanechka', 'Callum', 2147483647, '0270 Coolidge Court'),
(526, 'Maribelle', 'Worshall', 2147483647, '64 Westport Park'),
(527, 'Mercedes', 'Basindale', 2068577477, '25270 Loftsgordon Terrace'),
(528, 'Vivienne', 'Syer', 2147483647, '13 Pearson Drive'),
(529, 'Moira', 'Downing', 1608867576, '32701 Daystar Junction'),
(530, 'Kathye', 'Popple', 2147483647, '24494 Debra Trail'),
(531, 'Jo-anne', 'Grzelak', 2147483647, '84608 Fair Oaks Terrace'),
(532, 'Margarette', 'Fortey', 2147483647, '7 Nova Trail'),
(533, 'Winthrop', 'Such', 2147483647, '8123 Anthes Parkway'),
(534, 'Naoma', 'Streeton', 2147483647, '1 Fulton Park'),
(535, 'Hiram', 'Hyam', 2147483647, '0481 Mendota Court'),
(536, 'Gertrude', 'Sowley', 2147483647, '2560 Thompson Alley'),
(537, 'Auria', 'Gaggen', 2131955980, '90 Ridge Oak Park'),
(538, 'Kally', 'Burchall', 2147483647, '8687 Kinsman Park'),
(539, 'Mikol', 'Brockest', 2147483647, '103 Knutson Lane'),
(540, 'Junie', 'Twelves', 2147483647, '463 Lighthouse Bay Hill'),
(541, 'Devin', 'Dury', 2147483647, '1 Beilfuss Pass'),
(542, 'Berrie', 'Gregoriou', 2147483647, '2 Carey Lane'),
(543, 'Gwyn', 'Raigatt', 2147483647, '271 Lindbergh Place'),
(544, 'Rebeka', 'Greedier', 2147483647, '52 Cascade Point'),
(545, 'Constantina', 'Torre', 2147483647, '4 Cody Street'),
(546, 'Timi', 'Davsley', 2147483647, '296 David Parkway'),
(547, 'Bradan', 'Quinet', 2147483647, '225 Forest Crossing'),
(548, 'Jozef', 'Stillmann', 1788445029, '784 Cascade Junction'),
(549, 'Selina', 'Saill', 2147483647, '8333 American Ash Parkway'),
(550, 'Evita', 'Capoun', 2147483647, '239 David Alley'),
(551, 'Seumas', 'Voaden', 2147483647, '21 Summerview Junction'),
(552, 'Stacee', 'Eames', 2147483647, '29648 Mariners Cove Crossing'),
(553, 'Mureil', 'Andrivel', 2147483647, '311 Katie Way'),
(554, 'Bondon', 'Dallison', 2147483647, '90 Carpenter Point'),
(555, 'Latrena', 'Dinning', 2147483647, '84 School Way'),
(556, 'Correy', 'Crosser', 1514171414, '56973 5th Park'),
(557, 'Horten', 'Americi', 2147483647, '60 Morrow Trail'),
(558, 'Ferd', 'Podbury', 2147483647, '895 Portage Terrace'),
(559, 'Vivien', 'Prate', 2147483647, '590 Northwestern Avenue'),
(560, 'Bridgette', 'Spatig', 2147483647, '3904 Anthes Avenue'),
(561, 'Jaye', 'Domenichelli', 2147483647, '71181 Farmco Pass'),
(562, 'Tomi', 'Steen', 2147483647, '049 Jenna Pass'),
(563, 'Jo', 'Boyington', 2147483647, '047 Talisman Drive'),
(564, 'Abie', 'Nendick', 2147483647, '2169 Washington Junction'),
(565, 'Burg', 'Ben', 2147483647, '8503 Rusk Parkway'),
(566, 'Heath', 'Quilty', 2147483647, '79667 Macpherson Plaza'),
(567, 'Odella', 'Wilton', 2147483647, '77 Arapahoe Junction'),
(568, 'Aleen', 'Bronger', 2147483647, '87843 Del Sol Terrace'),
(569, 'Consolata', 'Bolmann', 2147483647, '2184 Jenifer Point'),
(570, 'Gonzales', 'Cocklin', 2147483647, '19 Union Road'),
(571, 'Dale', 'Edworthye', 2016240151, '7 Ridge Oak Park'),
(572, 'Dunc', 'Sparey', 2132493091, '70754 Buell Park'),
(573, 'Leontyne', 'Qusklay', 2147483647, '74907 Moland Trail'),
(574, 'Jenelle', 'Kidner', 2147483647, '9 Sloan Drive'),
(575, 'Randell', 'Parken', 2046725204, '3 Armistice Plaza'),
(576, 'Harlin', 'Doe', 2147483647, '78 Golf Course Lane'),
(577, 'Ludvig', 'Croan', 2147483647, '454 Graedel Place'),
(578, 'Chancey', 'Durno', 2147483647, '0420 Lakeland Lane'),
(579, 'Jennee', 'Teresse', 2147483647, '02502 Monica Terrace'),
(580, 'Chrissy', 'Tassell', 1904289455, '584 Pawling Point'),
(581, 'Niles', 'Wearne', 2147483647, '773 Eastwood Court'),
(582, 'Boycie', 'Bertomier', 1159911301, '91231 Hooker Parkway'),
(583, 'Ashely', 'Debold', 2147483647, '02537 Gina Terrace'),
(584, 'Jere', 'Andell', 2147483647, '990 Dovetail Hill'),
(585, 'Garnet', 'Bruntje', 2147483647, '78 Clyde Gallagher Center'),
(586, 'Rhodia', 'Zuann', 2147483647, '02 Corben Hill'),
(587, 'Doro', 'Clarey', 2147483647, '11496 Maple Junction'),
(588, 'Grazia', 'Matitiaho', 2147483647, '61112 Crest Line Alley'),
(589, 'Jermayne', 'Shoebrook', 2147483647, '426 Fallview Circle'),
(590, 'Dannie', 'Wakes', 2147483647, '1 Crownhardt Drive'),
(591, 'Elysia', 'Bracey', 1755450355, '1 Luster Alley'),
(592, 'Meredithe', 'Rosoman', 2147483647, '840 Summer Ridge Crossing'),
(593, 'Ancell', 'Bahlmann', 2147483647, '07 Sundown Drive'),
(594, 'Leone', 'Hatch', 2147483647, '02034 Brown Road'),
(595, 'Ezekiel', 'Wooldridge', 2147483647, '71435 Waywood Park'),
(596, 'Jackquelin', 'Renvoise', 1614657791, '397 Myrtle Trail'),
(597, 'Robin', 'Elkington', 2147483647, '137 Cascade Parkway'),
(598, 'Bron', 'Atwool', 2147483647, '6046 Fisk Court'),
(599, 'Em', 'Botley', 2147483647, '00005 Oak Valley Place'),
(600, 'Ninnette', 'McGreary', 2147483647, '35 Alpine Center');

-- --------------------------------------------------------

--
-- Table structure for table `historial`
--

CREATE TABLE `historial` (
  `Id_Historial` int(11) NOT NULL,
  `Fecha` date DEFAULT NULL,
  `Perro` int(11) DEFAULT NULL,
  `Descripcion` varchar(50) DEFAULT NULL,
  `Monto` varchar(45) DEFAULT NULL
) ENGINE=InnoDB DEFAULT CHARSET=utf8mb4;

--
-- Dumping data for table `historial`
--

INSERT INTO `historial` (`Id_Historial`, `Fecha`, `Perro`, `Descripcion`, `Monto`) VALUES
(1, '2016-07-18', 441, 'Acq deformity of toe NEC', '$12087.37'),
(2, '2016-02-29', 346, 'Ben neo soft tis abdomen', '$59699.95'),
(3, '2022-03-14', 374, '3rd brn w loss-trunk NEC', '$5915.40'),
(4, '2017-04-04', 152, 'Puerp comp NEC-del w p/p', '$31421.64'),
(5, '2021-04-24', 263, 'Face/brow present-unspec', '$58263.94'),
(6, '2019-05-28', 331, 'Pruritic conditions NEC', '$90019.72'),
(7, '2016-08-18', 287, 'Peritoneal effusion', '$85775.70'),
(8, '2018-04-12', 492, 'Thracabd anurysm wo rupt', '$35165.75'),
(9, '2017-12-14', 239, 'W/crft fall NOS-pers NEC', '$20232.18'),
(10, '2021-03-12', 533, 'Anaplastic lymph inguin', '$43885.53'),
(11, '2019-05-27', 196, 'Face/brow present-deliv', '$49324.20'),
(12, '2022-04-21', 491, 'Tox uninod goit no cris', '$97504.76'),
(13, '2021-11-27', 548, 'Hx-seafood allergy', '$70801.02'),
(14, '2016-07-01', 126, 'Cutaneous mycobacteria', '$61648.93'),
(15, '2018-06-09', 56, 'DMII hprosmlr uncontrold', '$8459.25'),
(16, '2016-12-02', 403, 'Enceph & encephlalo NEC', '$24849.52'),
(17, '2016-09-20', 557, '3 deg burn w loss-toe', '$27631.84'),
(18, '2018-01-18', 523, 'Urethrocele', '$81936.35'),
(19, '2021-08-13', 431, 'Legal abort w shock-unsp', '$29463.64'),
(20, '2021-06-25', 391, 'Cl skl base fx-deep coma', '$66401.61'),
(21, '2020-02-01', 214, 'Sterilization', '$40963.97'),
(22, '2015-11-22', 531, 'Herpes simplex myelitis', '$87949.35'),
(23, '2020-11-07', 485, 'Cereb degen in lipidosis', '$2660.27'),
(24, '2021-02-18', 69, 'Varic vein leg-del w p/p', '$73895.37'),
(25, '2016-12-24', 308, 'Family hx-leukemia', '$6073.73'),
(26, '2022-04-04', 287, 'Sec hypercoagulable st', '$35262.29'),
(27, '2017-12-21', 119, 'Sprain of back NOS', '$63565.07'),
(28, '2017-05-29', 503, 'Extradural hemor-no coma', '$14824.27'),
(29, '2016-10-12', 385, 'Blister forearm', '$52542.29'),
(30, '2017-08-23', 366, 'Ankylosis-pelvis', '$18073.79'),
(31, '2016-04-05', 61, 'Leg abor w pelv inf-comp', '$27233.44'),
(32, '2016-05-04', 469, 'Jt derangement NEC-mult', '$72296.55'),
(33, '2020-10-22', 98, 'Acc d/t eruptions NEC', '$49697.22'),
(34, '2018-05-19', 78, 'Osteomyelitis NOS-ankle', '$7824.82'),
(35, '2020-08-31', 433, 'Dermatophytosis of hand', '$39376.70'),
(36, '2015-09-30', 37, 'Pulmonary collapse', '$8737.83'),
(37, '2020-03-25', 449, 'Path resorption NEC', '$35598.47'),
(38, '2020-10-15', 203, 'Poison-antirheumatic NEC', '$1551.59'),
(39, '2016-07-24', 492, 'Torus fx tibia/fibula', '$84125.55'),
(40, '2020-04-04', 486, 'Stomatits & mucosits NEC', '$32881.59'),
(41, '2022-01-15', 377, 'Pica', '$56949.02'),
(42, '2018-04-06', 361, 'Hx-radiogrphc dye allrgy', '$96129.19'),
(43, '2016-03-23', 348, 'Fire-highly inflam mater', '$22641.74'),
(44, '2019-02-25', 503, 'Fx forearm NOS-closed', '$19547.43'),
(45, '2018-09-17', 14, 'Adv eff arom analgsc NEC', '$43138.26'),
(46, '2018-06-25', 334, 'Chr pulmonary embolism', '$90826.07'),
(47, '2019-04-09', 521, 'Mixed hearing loss,bilat', '$70638.79'),
(48, '2020-01-28', 234, 'Abn finding-breast NEC', '$53529.04'),
(49, '2017-04-05', 579, 'Cerebel lacer w open wnd', '$3190.89'),
(50, '2018-12-05', 403, 'Micropenis', '$35420.30'),
(51, '2017-11-30', 543, 'Male genetic test NEC', '$28622.08'),
(52, '2022-05-13', 423, 'Bony pelv obstruct-deliv', '$57492.54'),
(53, '2019-02-24', 159, 'Contaminated injection', '$63711.33'),
(54, '2016-06-06', 465, 'Typhoid fever', '$33240.57'),
(55, '2015-12-02', 570, 'Gonococcal pericarditis', '$86196.21'),
(56, '2016-06-02', 517, 'Old vaginal laceration', '$50474.80'),
(57, '2016-03-12', 5, 'Longitudinal defic hand', '$75976.59'),
(58, '2019-11-06', 594, 'Spon ab w compl NEC-comp', '$64931.76'),
(59, '2022-05-14', 472, 'Fam hx-ischem heart dis', '$16795.97'),
(60, '2018-12-18', 123, 'Acute dystonia d/t drugs', '$31936.18'),
(61, '2017-08-15', 6, 'Obst chr bronc w/o exac', '$51119.63'),
(62, '2016-11-16', 84, 'Inj popliteal vessel NOS', '$68424.01'),
(63, '2022-06-06', 164, 'T1-t6 fx-cl/cen cord syn', '$25704.39'),
(64, '2020-05-26', 497, 'Histoplasmosis pericard', '$24083.51'),
(65, '2018-07-11', 264, 'No vaccin-acute illness', '$65637.63'),
(66, '2018-07-07', 380, 'TB lung w cavit-oth test', '$69097.21'),
(67, '2017-04-21', 10, 'DMII circ nt st uncntrld', '$72510.80'),
(68, '2019-06-06', 127, 'Mv collis NOS-pers NEC', '$9499.10'),
(69, '2016-09-24', 171, 'Severe preeclamp-unspec', '$84010.08'),
(70, '2019-06-06', 309, 'Second cardiomyopath NOS', '$10317.59'),
(71, '2015-10-15', 329, 'Inj inferior mesent vein', '$67968.68'),
(72, '2018-01-24', 555, 'Breast engorge-delivered', '$72895.16'),
(73, '2022-03-22', 214, 'Atherosclerosis NOS', '$44113.31'),
(74, '2019-04-08', 393, 'Late eff wrist/hand burn', '$40294.40'),
(75, '2015-09-03', 343, 'Hodgkins granulom thorax', '$9871.25'),
(76, '2018-12-22', 58, 'War inj:acc disch launch', '$5818.36'),
(77, '2019-04-30', 57, 'TB peritonitis-unspec', '$68057.81'),
(78, '2019-01-30', 227, 'Chondritis of pinna', '$60470.90'),
(79, '2018-05-14', 530, 'Androgen insensitvty NOS', '$70939.31'),
(80, '2017-11-10', 435, 'TB limb bones-cult dx', '$31959.39'),
(81, '2021-05-12', 248, 'Contusion orbital tissue', '$76366.79'),
(82, '2016-04-15', 60, 'Fx c3 vertebra-closed', '$73289.76'),
(83, '2016-01-14', 252, 'Ac alcoholic hepatitis', '$53584.52'),
(84, '2022-07-08', 578, 'Mv-oth veh coll-pers NEC', '$85751.23'),
(85, '2022-05-01', 466, 'Infertil-pituitary orig', '$51392.29'),
(86, '2019-12-28', 67, 'Heparin-indu thrombocyto', '$66359.61'),
(87, '2017-07-29', 18, 'Ac myocardit in oth dis', '$73349.39'),
(88, '2018-06-04', 436, 'Paral polio NEC-type NOS', '$38182.89'),
(89, '2016-08-27', 260, 'Mycosis fungoides head', '$94595.63'),
(90, '2018-11-17', 471, 'Injury trochlear nerve', '$29255.34'),
(91, '2021-07-28', 505, 'Part edentulism,class IV', '$40418.15'),
(92, '2019-08-11', 525, 'Anphylct react milk prod', '$50203.16'),
(93, '2018-11-23', 189, 'Chronc gingititis,plaque', '$86889.41'),
(94, '2018-07-22', 253, 'Gangr incisional hernia', '$6435.46'),
(95, '2016-04-19', 398, 'Pneumon oth spec orgnsm', '$73520.69'),
(96, '2022-04-20', 111, 'Mult brth NOS-hos w/o cs', '$78421.27'),
(97, '2021-08-25', 379, 'Fetal abnorm NOS-deliver', '$28994.14'),
(98, '2020-09-29', 133, 'Tracheoesophageal fstula', '$30667.28'),
(99, '2016-06-07', 546, 'Inf mcr rst oth ag nt ml', '$2518.20'),
(100, '2019-08-15', 209, 'Extradural hem w opn wnd', '$81517.11'),
(101, '2020-05-15', 431, 'Leg ab w compl NOS-unsp', '$65714.42'),
(102, '2021-02-12', 1, 'BMI 25.0-25.9,adult', '$75469.75'),
(103, '2017-11-17', 577, 'Postpart care-lactation', '$37065.40'),
(104, '2017-10-31', 597, 'Confusional arousals', '$96668.98'),
(105, '2019-01-29', 35, 'Anaplastic lymph multip', '$922.87'),
(106, '2019-10-14', 457, 'Lte ef-mplga low lmb dom', '$73437.65'),
(107, '2020-02-25', 118, 'Viral arthritis-pelvis', '$72910.36'),
(108, '2019-10-03', 319, 'Late eff burn extrem NEC', '$8966.39'),
(109, '2021-04-09', 207, 'Nonorganic sleep dis NEC', '$69033.47'),
(110, '2020-06-05', 296, 'Adhesive mid ear dis NOS', '$53222.94'),
(111, '2021-01-10', 410, 'Bacteriuria preg-unspec', '$9766.26'),
(112, '2021-11-05', 276, 'Nod prostate w ur obst', '$55466.92'),
(113, '2018-11-24', 536, 'Poison-rabies vaccine', '$91756.15'),
(114, '2016-06-20', 578, 'Pressure ulcer,stage NOS', '$37556.42'),
(115, '2017-07-17', 456, 'Primary CNS lymph multip', '$43781.59'),
(116, '2021-10-01', 470, 'Inj internal carotid art', '$42602.91'),
(117, '2021-03-21', 187, 'Acc poison-disinfectants', '$75814.41'),
(118, '2018-04-26', 146, 'Complete les cord/c1-c4', '$81387.45'),
(119, '2017-10-30', 561, 'Tx ef cl-hydcarb slv NEC', '$23090.27'),
(120, '2021-12-13', 600, 'Abn pelv tiss obstr-unsp', '$7568.67'),
(121, '2022-07-21', 121, 'Fam Mediterranean fever', '$1384.30'),
(122, '2017-07-10', 352, 'Forceps delivery aff NB', '$47009.58'),
(123, '2016-01-16', 282, 'Genetic torsion dystonia', '$94663.60'),
(124, '2022-07-12', 138, 'Severe preeclamp-unspec', '$3103.01'),
(125, '2022-01-03', 243, 'Low birthwt 1000-1499g', '$56162.95'),
(126, '2017-06-28', 128, 'Burn NOS scalp', '$86433.89'),
(127, '2019-12-10', 202, 'Twin gest-monochr/monoam', '$82396.65'),
(128, '2019-06-19', 57, 'Hx surgery to organs NEC', '$69647.66'),
(129, '2020-10-03', 339, 'Adv eff antitussives', '$17610.75'),
(130, '2015-10-05', 242, 'Chr gc infect lower gu', '$43507.33'),
(131, '2022-01-29', 287, 'Open wnd nas sinus-compl', '$33786.80'),
(132, '2018-05-31', 589, 'Hx-skin malignancy NEC', '$19081.24'),
(133, '2019-06-24', 456, '60-69% bdy brn/30-39% 3d', '$31045.32'),
(134, '2022-03-23', 224, 'Pois tricyclc antidepres', '$48431.94'),
(135, '2019-06-19', 507, 'Antiphospholipid w hemor', '$48388.76'),
(136, '2016-05-15', 175, 'Mult open wnd nose-compl', '$74974.69'),
(137, '2020-03-16', 382, 'Thrombosis NEC preg-unsp', '$69592.48'),
(138, '2021-08-26', 142, 'Retinoph prematr,stage 2', '$51312.38'),
(139, '2021-05-28', 426, 'Abnorm electrocardiogram', '$9210.97'),
(140, '2017-05-10', 468, 'Oth umbil cord compress', '$88711.76'),
(141, '2021-11-22', 285, 'Congenital ureterocele', '$90196.98'),
(142, '2020-11-06', 237, 'Stenosis ear d/t trauma', '$47803.01'),
(143, '2015-10-22', 419, 'Hodgkins sarcoma spleen', '$70990.45'),
(144, '2017-05-07', 79, 'Liver injury NOS-closed', '$47742.86'),
(145, '2018-01-21', 19, 'Muscle/ligament dis NEC', '$91543.51'),
(146, '2020-07-05', 542, 'Burn NOS foot', '$35712.41'),
(147, '2021-06-11', 588, 'Acq arterioven fistula', '$68249.60'),
(148, '2021-01-27', 576, 'Fet damag d/t drug-deliv', '$76386.46'),
(149, '2017-11-25', 547, 'Chr duoden ulc hem-obstr', '$72129.17'),
(150, '2019-05-21', 468, 'Hx of gastric malignancy', '$78324.70'),
(151, '2020-04-08', 309, 'Ac emblsm up ext NOS', '$50374.59'),
(152, '2017-10-31', 136, 'TB of ear-cult dx', '$90577.41'),
(153, '2020-06-30', 356, 'Legal abort w shock-comp', '$19505.14'),
(154, '2021-06-26', 4, 'Sprain ischiocapsular', '$12956.46'),
(155, '2021-02-10', 597, 'NB obsrv unsp suspct cnd', '$27409.31'),
(156, '2015-10-13', 259, 'Opn cerebe cont-deep com', '$97622.36'),
(157, '2018-04-27', 10, 'Behav insomnia-childhood', '$93228.48'),
(158, '2021-05-13', 464, 'Vocal cord disease NEC', '$86706.47'),
(159, '2018-07-02', 345, 'Somat dysfunc thorac reg', '$31118.78'),
(160, '2019-08-03', 517, 'Abnormal vulva-antepart', '$34242.68'),
(161, '2017-10-15', 275, 'Twin gest-plac/sac undet', '$98310.12'),
(162, '2019-10-07', 158, 'Oth coll w mov obj-driv', '$90606.11'),
(163, '2016-04-16', 152, 'Insect bite finger', '$14949.97'),
(164, '2018-03-28', 71, 'Bone transplant status', '$85641.63'),
(165, '2020-04-28', 17, 'Gangrene', '$53184.67'),
(166, '2016-02-18', 401, 'Visceral herpes simplex', '$88307.32'),
(167, '2017-01-05', 360, 'Opioid dependence-contin', '$23682.52'),
(168, '2021-12-08', 438, 'Anom interarch distance', '$7952.35'),
(169, '2016-05-22', 33, 'Hemolytc trans react NOS', '$68035.80'),
(170, '2017-03-21', 228, 'Spina bifida-lumbar', '$16376.00'),
(171, '2016-12-10', 77, 'Benign carcinoid kidney', '$17424.18'),
(172, '2018-05-11', 526, 'Comb drug dep NEC-episod', '$55011.95'),
(173, '2021-10-02', 405, 'Hx-drug allergy NOS', '$2476.52'),
(174, '2016-04-09', 453, 'Peripart cardiomy-unspec', '$725.31'),
(175, '2021-04-08', 141, 'Ancylostoma braziliense', '$58901.22'),
(176, '2016-08-04', 541, 'Hered hemolytic anem NOS', '$98552.43'),
(177, '2022-01-15', 89, 'Blind loop syndrome', '$22737.77'),
(178, '2017-02-06', 41, 'Adv eff medicinal NOS', '$64736.36'),
(179, '2018-10-30', 370, 'Mult opn wnd should-comp', '$75793.97'),
(180, '2017-07-27', 474, 'Miotic cyst pupil margin', '$22280.43'),
(181, '2021-12-24', 554, 'Adjust react-phys sympt', '$7618.38'),
(182, '2022-06-14', 366, 'Low bladder compliance', '$12819.68'),
(183, '2020-02-28', 241, 'Vasc comp renal artery', '$36002.43'),
(184, '2022-04-24', 59, 'Pois-autonomic agent NOS', '$4739.34'),
(185, '2022-03-25', 171, 'Adv eff anthelmintics', '$25322.88'),
(186, '2019-07-30', 532, 'Cl skl vlt fx-concus NOS', '$36603.82'),
(187, '2020-07-22', 24, 'Spon ab w ren fail-inc', '$42981.17'),
(188, '2019-05-13', 456, 'Cysticercosis', '$45336.68'),
(189, '2022-06-11', 286, 'Mechanical prob w head', '$51464.18'),
(190, '2021-07-28', 133, 'Disorder of globe NOS', '$86809.10'),
(191, '2022-02-17', 404, 'Gc prostatitis (acute)', '$10038.44'),
(192, '2020-04-10', 150, 'Heavy-for-date infan NEC', '$30802.81'),
(193, '2019-12-06', 114, 'Ear anomalies NEC', '$86711.67'),
(194, '2017-11-01', 560, 'Orthopedic aftercare NEC', '$34275.22'),
(195, '2021-02-21', 7, 'Schizophrenia NEC-unspec', '$41659.93'),
(196, '2022-01-24', 570, 'Hmplg mgrn w ntrc w st', '$94900.30'),
(197, '2017-12-12', 358, 'Chronic hepatitis NEC', '$15198.76'),
(198, '2019-06-09', 114, 'Mal neo lower 3rd esoph', '$19153.90'),
(199, '2019-11-24', 154, 'Schmorls node-thoracic', '$57104.49'),
(200, '2018-12-09', 107, 'Illeg ab w pel damg-unsp', '$84131.68'),
(201, '2021-07-27', 51, 'Hypertrophy of uterus', '$18881.38'),
(202, '2018-12-20', 550, 'Abn ftl hrt rate/rhy-ant', '$67239.39'),
(203, '2016-05-06', 462, 'Membranoprolif nephrosis', '$23116.77'),
(204, '2017-10-29', 384, 'Fuch hetrochrom cyclitis', '$33931.47'),
(205, '2018-07-11', 126, 'Mult gest-plac/sac undet', '$42355.64'),
(206, '2018-12-09', 333, 'Spin bif w hydrceph-cerv', '$85647.86'),
(207, '2015-11-11', 534, 'Nephrotic syndrome NOS', '$81268.61'),
(208, '2016-02-14', 423, 'Ca in situ fem gen NEC', '$41557.13'),
(209, '2017-09-16', 282, 'Oth spcf hypoglycemia', '$90963.91'),
(210, '2016-12-21', 311, 'Hyperkinetic conduct dis', '$35121.95'),
(211, '2018-09-05', 477, 'Superfic inj hip/leg NEC', '$99565.21'),
(212, '2016-01-12', 211, 'Cryptosporidiosis', '$28494.09'),
(213, '2015-08-27', 155, 'Hemoglobinuria', '$78697.05'),
(214, '2021-04-09', 302, 'Disl metacarpophalan-opn', '$22209.58'),
(215, '2017-01-13', 120, 'DMII oth nt st uncntrld', '$67484.49'),
(216, '2017-12-10', 320, 'Scleromalacia perforans', '$38313.63'),
(217, '2016-12-20', 440, 'Injury-burn, fire', '$75736.65'),
(218, '2017-11-15', 307, 'Breast inf NEC-del w p/p', '$30805.86'),
(219, '2019-07-24', 431, 'Cervix/fem gen anom NOS', '$49117.29'),
(220, '2019-11-28', 406, 'Chr motor/vocal tic dis', '$78266.85'),
(221, '2019-05-08', 440, 'Adv eff antihyperten agt', '$45372.18'),
(222, '2017-11-10', 583, 'Nd vac strp pnumn/inflnz', '$39262.40'),
(223, '2019-12-08', 339, 'Multiple contusion leg', '$50876.48'),
(224, '2019-10-02', 223, 'Bipo I sin man-sev w psy', '$2204.85'),
(225, '2019-12-29', 578, 'Neoplasm other sites NOS', '$47073.67'),
(226, '2018-06-08', 127, 'Conjunctival deposits', '$83309.57'),
(227, '2015-12-10', 189, 'Vasc comp renal artery', '$8890.91'),
(228, '2021-02-28', 183, 'Fracture calcaneus-close', '$36725.49'),
(229, '2019-11-30', 595, 'Undetermin circ-hanging', '$4862.91'),
(230, '2018-10-16', 63, 'Creutzfldt-Jakob NEC/NOS', '$10497.27'),
(231, '2018-01-23', 381, 'Contusion of wrist', '$8511.21'),
(232, '2022-05-14', 116, 'Vulvar ulcer in oth dis', '$72751.81'),
(233, '2017-01-13', 558, 'Hypertrophic elong cervx', '$28473.86'),
(234, '2015-08-22', 14, 'Injury splenic artery', '$79450.57'),
(235, '2019-04-15', 268, 'Attn to artif open NEC', '$79408.24'),
(236, '2018-11-14', 148, 'Scleritis NOS', '$80441.32'),
(237, '2021-10-01', 19, 'Palindrom rheum-ankle', '$89375.17'),
(238, '2022-02-04', 591, 'Fx tibia NOS-open', '$75210.02'),
(239, '2017-10-06', 33, 'Human herpesvirus 7 infc', '$98728.17'),
(240, '2016-02-09', 528, 'Abn react-plast surg NEC', '$74098.52'),
(241, '2021-03-31', 277, 'Simpl schizophren-subchr', '$55971.70'),
(242, '2022-06-19', 23, 'Acoustic trauma', '$29114.75'),
(243, '2017-01-25', 543, 'Tropical sprue', '$80923.35'),
(244, '2018-06-08', 418, 'Mal neo sclp/skn nck NOS', '$18932.59'),
(245, '2019-03-15', 398, 'W/crf stair fall-militry', '$40837.02'),
(246, '2020-06-20', 215, 'Dermatoglyphic anomalies', '$64914.77'),
(247, '2017-07-11', 139, 'Semicircul canal fistula', '$48801.40'),
(248, '2020-09-13', 346, 'Motor neuron disease NEC', '$78655.84'),
(249, '2016-06-23', 431, 'Septicem in labor-antepa', '$40877.11'),
(250, '2018-08-09', 272, 'Mal neo hypopharynx NOS', '$24625.78'),
(251, '2022-06-29', 96, 'Flu dt avian w oth resp', '$84127.60'),
(252, '2017-10-16', 91, 'Pathol dislocat-l/leg', '$62397.19'),
(253, '2021-06-24', 591, 'Peripartum card-antepart', '$97045.61'),
(254, '2017-08-12', 488, 'Acq part absnce pancreas', '$26657.04'),
(255, '2016-03-23', 349, 'Gc orchitis, chronic', '$38878.38'),
(256, '2021-11-28', 234, 'Secondry pigment degen', '$25458.30'),
(257, '2017-04-05', 82, 'Obsv-adolesc antisoc beh', '$62350.79'),
(258, '2021-08-23', 444, 'Lacrimal mucocele', '$3392.87'),
(259, '2016-03-31', 337, 'Recur manic dis-unspec', '$58259.35'),
(260, '2020-11-03', 51, 'Chondrocalcin NOS-l/leg', '$81378.34'),
(261, '2019-03-07', 535, 'Vit A ocular defic NEC', '$90975.33'),
(262, '2022-04-07', 244, 'Congenital pneumonia', '$82660.35'),
(263, '2018-02-19', 77, 'Sprain of wrist NEC', '$31565.54'),
(264, '2015-11-30', 150, 'Hodgkins granulom abdom', '$57382.77'),
(265, '2021-11-17', 420, 'Observe-abuse & neglect', '$52174.48'),
(266, '2022-05-15', 569, 'Decreased WBC count NEC', '$28950.78'),
(267, '2021-08-27', 21, 'Fx c6 vertebra-open', '$64258.00'),
(268, '2020-12-02', 216, 'Japanese encephalitis', '$91180.67'),
(269, '2022-02-16', 135, 'Recession, chamber angle', '$21246.58'),
(270, '2018-06-08', 404, 'Tongue disorder NEC', '$68041.41'),
(271, '2018-11-22', 118, 'Hepatitis C carrier', '$85720.73'),
(272, '2019-06-19', 391, 'Toxic labyrinthitis', '$11156.41'),
(273, '2021-02-04', 331, 'Anal & rectal polyp', '$50821.21'),
(274, '2017-07-03', 560, 'Post traumatic seizures', '$29011.07'),
(275, '2019-06-05', 452, 'Joint symptom NEC-ankle', '$18123.33'),
(276, '2021-04-19', 575, 'Secondary Merkel cell ca', '$53617.77'),
(277, '2019-03-14', 524, 'Screen for infec dis NOS', '$77276.96'),
(278, '2021-01-15', 331, 'Passive-aggressiv person', '$65831.86'),
(279, '2020-03-14', 274, 'Uns myl leuk w rmsion', '$48238.37'),
(280, '2020-12-24', 333, 'Benign neo nasopharynx', '$53143.53'),
(281, '2021-09-23', 17, 'Neuropathy in other dis', '$61367.57'),
(282, '2019-06-26', 579, 'Iatrogenic pneumothorax', '$22269.57'),
(283, '2016-10-01', 388, 'Adv eff antconvl NEC/NOS', '$46741.17'),
(284, '2017-05-07', 507, 'Cl skl/oth fx-proln coma', '$16079.39'),
(285, '2020-10-13', 538, 'Burn NOS trunk NEC', '$99147.99'),
(286, '2017-12-12', 556, 'Prim prog TB NEC-no exam', '$28004.21'),
(287, '2018-03-02', 300, 'Roseola infantum NOS', '$59913.26'),
(288, '2016-07-29', 242, 'Vis path dis w vasc dis', '$24065.65'),
(289, '2022-05-20', 256, 'Arthrop w endocr/met dis', '$30803.79'),
(290, '2018-04-12', 453, 'Low birthwt status <500g', '$33580.04'),
(291, '2016-11-09', 374, 'Disuse osteoporosis', '$67296.20'),
(292, '2021-05-24', 91, 'Tubrclma sp crd-histo dx', '$44772.85'),
(293, '2021-05-01', 547, 'Scrn-hemoglobinopath NEC', '$87202.51'),
(294, '2015-08-24', 542, 'Asbestosis', '$88768.41'),
(295, '2018-07-11', 10, 'Toxic eff pesticides NEC', '$11774.20'),
(296, '2018-07-26', 165, 'Paraproteinemia NEC', '$27985.59'),
(297, '2015-09-15', 367, 'Abn react-procedure NEC', '$9421.70'),
(298, '2018-09-10', 560, 'Ob surg comp NEC-postpar', '$84907.00'),
(299, '2022-01-07', 48, 'Oth neonatal coag dis', '$82195.62'),
(300, '2016-09-27', 270, 'Ac pelv peritonitis-fem', '$54657.80'),
(301, '2019-03-16', 242, 'Mv acc board/alight-psgr', '$20763.86'),
(302, '2016-07-22', 355, 'Mv collis NOS-pers NOS', '$91276.20'),
(303, '2020-12-07', 262, 'Heart contusion-open', '$82385.83'),
(304, '2020-03-28', 143, 'Malign neopl vulva NOS', '$8694.21'),
(305, '2022-02-14', 17, 'Labyrinthine fistula NOS', '$72071.57'),
(306, '2017-12-24', 477, 'Mv-train coll-anim rid', '$36472.47'),
(307, '2019-05-08', 480, '50-59% bdy brn/10-19% 3d', '$4634.59'),
(308, '2020-09-17', 337, 'Ob inj pelv org NEC-unsp', '$64574.47'),
(309, '2018-10-07', 41, 'Extrapyramidal dis NOS', '$81188.75'),
(310, '2016-09-19', 433, 'Lambert-Eaton syn ot dis', '$75519.77'),
(311, '2020-12-30', 394, 'Fracture of sternum-open', '$54020.25'),
(312, '2018-02-22', 28, 'Boat acc w submers-unpow', '$43323.58'),
(313, '2017-06-02', 405, 'Probl w internal org NOS', '$99311.53'),
(314, '2018-07-23', 566, 'Fx anat neck humerus-opn', '$87224.78'),
(315, '2020-04-02', 378, 'Orbital edema', '$7228.77'),
(316, '2019-05-04', 247, 'Open wound of shoulder', '$13679.35'),
(317, '2015-10-22', 223, 'Fall from commode', '$80439.36'),
(318, '2016-01-18', 464, 'Immune mechanism dis NOS', '$1780.41'),
(319, '2019-06-03', 310, 'Granular cornea dystrphy', '$85997.10'),
(320, '2017-03-04', 199, 'Acq hip deformity NEC', '$3386.35'),
(321, '2019-03-07', 488, 'Mal neo intrahepat ducts', '$97109.72'),
(322, '2020-12-13', 316, 'Cardiac dysrhythmia NOS', '$86343.05'),
(323, '2022-05-28', 251, 'Open wound forearm-compl', '$39479.41'),
(324, '2021-04-01', 313, 'Medulloadrenal hyperfunc', '$52264.34'),
(325, '2018-06-02', 50, 'Suprf inj forarm NEC-inf', '$16926.57'),
(326, '2021-01-22', 151, 'Joint dis NOS-unspec jt', '$34273.77'),
(327, '2022-04-25', 380, 'TB of mastoid-unspec', '$88033.55'),
(328, '2018-12-21', 457, 'TB lung nodular-micro dx', '$15626.80'),
(329, '2021-10-10', 56, 'Isol tracheal tb-unspec', '$13823.95'),
(330, '2022-01-04', 243, '2nd deg burn scapula', '$584.72'),
(331, '2017-12-14', 480, 'Abdmnal rgdt lt lwr quad', '$24796.13'),
(332, '2018-06-10', 101, 'Ch ob asthma w stat asth', '$50800.93'),
(333, '2019-03-05', 212, 'Gu TB NOS-micro dx', '$144.72'),
(334, '2018-12-30', 250, 'Mal neo soft tissue head', '$38266.18'),
(335, '2020-03-28', 158, 'Atrph gastrtis w/o hmrhg', '$89476.70'),
(336, '2019-03-25', 214, 'Mucopurul chr bronchitis', '$93916.67'),
(337, '2016-09-26', 427, 'Fall from playgrnd equip', '$45046.35'),
(338, '2017-08-05', 565, 'Heat fatigue, transient', '$29965.58'),
(339, '2018-09-05', 63, 'TB laryngitis-oth test', '$43137.36'),
(340, '2021-08-01', 11, 'Unpow aircrf acc-per NEC', '$279.93'),
(341, '2022-03-08', 597, 'Clothing fire NOS', '$63572.24'),
(342, '2018-06-18', 126, 'Screen for gu cond NEC', '$53745.09'),
(343, '2021-07-27', 95, 'Burkitt\'s tumor inguin', '$89179.43'),
(344, '2020-11-22', 414, 'Chr stom ulc hem/perf-ob', '$83520.06'),
(345, '2018-04-15', 87, 'Abn stimul response NOS', '$73149.43'),
(346, '2016-04-03', 55, 'Ac kidny fail w del-unsp', '$19644.18'),
(347, '2020-05-18', 25, 'Spec lacrimal pass anom', '$59456.34'),
(348, '2020-10-29', 415, 'Pneumococcal meningitis', '$57586.64'),
(349, '2017-07-14', 422, 'Priv dwel fire-burning', '$17310.85'),
(350, '2021-02-22', 28, 'Mumps hepatitis', '$29829.59'),
(351, '2021-05-05', 353, 'Poisoning-antiviral drug', '$29129.38'),
(352, '2017-08-11', 316, 'Gendr identity dis-child', '$62227.40'),
(353, '2020-10-15', 318, 'Contusion of breast', '$58303.91'),
(354, '2016-09-06', 466, 'Other jaw asymmetry', '$64947.02'),
(355, '2017-04-26', 287, 'Late effct cmplcatn preg', '$34901.49'),
(356, '2017-04-13', 202, 'Ab NOS w pelv damag-comp', '$44454.82'),
(357, '2016-10-26', 391, '3rd deg burn w loss-neck', '$77585.64'),
(358, '2020-07-15', 484, 'Lt ef oth parals-bilat', '$576.90'),
(359, '2017-05-29', 596, 'C1-c4 fx-op/cord inj NEC', '$35917.58'),
(360, '2021-02-12', 163, 'Central scotoma', '$90432.17'),
(361, '2019-10-27', 244, 'Brain condition NOS', '$69649.64'),
(362, '2019-08-17', 575, 'TB of spleen-histo dx', '$97101.09'),
(363, '2018-01-29', 314, 'Multiple fx hand-open', '$54661.70'),
(364, '2022-03-25', 268, 'Mal neo salivary NOS', '$49808.19'),
(365, '2017-09-22', 37, 'Specfied cong anomal NEC', '$16842.06'),
(366, '2021-08-05', 586, 'Abdmnal mass lt lwr quad', '$51427.97'),
(367, '2017-09-30', 359, 'Ac vasc insuff intestine', '$57495.38'),
(368, '2016-04-01', 557, 'Toxic effect nitroglycol', '$54383.91'),
(369, '2015-09-30', 526, 'Spirochetal infect NEC', '$5132.51'),
(370, '2017-03-27', 570, 'Talipes valgus', '$44203.05'),
(371, '2020-01-27', 389, 'Encopresis', '$99989.71'),
(372, '2015-08-31', 124, 'Falciparum malaria', '$31766.56'),
(373, '2018-11-22', 311, 'Fetal disprop NOS-unspec', '$57726.07'),
(374, '2016-06-25', 296, 'Pyrophosph cryst-ankle', '$90899.84'),
(375, '2016-06-18', 383, 'Noninflam dis vulva NOS', '$94986.16'),
(376, '2018-01-30', 518, 'Poxvirus infections NEC', '$82526.45'),
(377, '2019-01-24', 1, 'Nodular lymphoma head', '$14826.65'),
(378, '2021-09-03', 575, 'Periodic paralysis', '$92587.91'),
(379, '2021-09-01', 130, 'Drug allergy NEC', '$25164.14'),
(380, '2019-07-17', 66, 'Jt derangment NOS-pelvis', '$71188.13'),
(381, '2020-07-11', 577, 'Prophyl or tx meas NEC', '$78428.91'),
(382, '2016-09-30', 21, 'Delay del 2nd twin-deliv', '$99032.23'),
(383, '2019-12-12', 379, 'Acute thyroiditis', '$4805.16'),
(384, '2020-03-27', 143, 'Adv eff analeptics', '$10805.94'),
(385, '2022-07-27', 337, 'Trans cereb ischemia NOS', '$10636.17'),
(386, '2021-07-29', 15, 'Poisoning-barbiturates', '$77278.38'),
(387, '2015-08-29', 596, 'West Nile Fever w/enceph', '$87461.04'),
(388, '2020-03-17', 4, 'Mydriasis not d/t mydrtc', '$40549.91'),
(389, '2019-04-17', 214, 'Gu TB NOS-exam unkn', '$12877.38'),
(390, '2018-01-11', 312, 'Heart assist dev replace', '$386.51'),
(391, '2015-09-29', 348, '3rd deg burn chin', '$9256.79'),
(392, '2020-09-23', 496, 'Psy dis w halluc oth dis', '$70537.46'),
(393, '2022-01-28', 136, 'Insect bite finger-infec', '$27022.79'),
(394, '2015-08-26', 401, 'Glanders', '$13760.97'),
(395, '2020-06-25', 375, 'Chest swelling/mass/lump', '$98616.40'),
(396, '2017-11-13', 263, 'Prs ara wo ntr w inf/st', '$60681.06'),
(397, '2017-07-09', 6, 'Systolic hrt failure NOS', '$74459.78'),
(398, '2015-11-26', 497, 'Lepromatous leprosy', '$87540.97'),
(399, '2021-10-25', 105, 'Nail anomalies NEC', '$73073.95'),
(400, '2016-06-25', 511, 'Hx-cong malform-eye,face', '$75076.64'),
(401, '2017-09-09', 164, 'Vaccin for cholera', '$65484.28'),
(402, '2018-08-17', 125, 'Deep 3rd deg burn back', '$96291.75'),
(403, '2021-02-06', 120, 'Degen ciliary body', '$74954.76'),
(404, '2018-02-18', 124, '1st deg burn thumb', '$41607.12'),
(405, '2022-01-23', 15, 'Amebic lung abscess', '$72604.69'),
(406, '2021-05-16', 419, 'Syphilitic myocarditis', '$76362.65'),
(407, '2021-06-13', 342, 'Assault NOS', '$59180.40'),
(408, '2018-06-16', 350, 'Traum arthropathy-ankle', '$85280.05'),
(409, '2017-10-19', 32, 'Leg ab w metab dis-unsp', '$68275.99'),
(410, '2016-10-24', 130, 'Oth viral dis-antepartum', '$38246.53'),
(411, '2016-08-10', 130, 'Membranous nephritis NOS', '$85824.07'),
(412, '2020-09-01', 43, 'Palindrom rheum-mult jts', '$10315.11'),
(413, '2018-10-03', 438, 'Intraocular FB NEC', '$79466.44'),
(414, '2017-04-06', 396, 'Amput below knee, unilat', '$34818.35'),
(415, '2019-12-06', 406, 'Jt contracture-up/arm', '$67896.69'),
(416, '2018-01-04', 25, 'Mild/NOS preeclamp-deliv', '$11148.62'),
(417, '2017-10-06', 206, 'Ac ischemic hrt dis NEC', '$37440.07'),
(418, '2022-01-12', 593, 'NB asp w/o resp symp NEC', '$36670.86'),
(419, '2017-07-27', 10, 'Open wound nasal sinus', '$74691.90'),
(420, '2020-04-15', 402, 'Residual hemorrhoid tags', '$56647.29'),
(421, '2016-06-22', 255, 'Lacriml punctum stenosis', '$7305.94'),
(422, '2017-12-13', 437, 'Tox eff aflatox/mycotox', '$27192.54'),
(423, '2021-01-23', 529, 'Villonod synovit-pelvis', '$18226.05'),
(424, '2019-05-27', 282, 'Prem separ placen-unspec', '$92311.71'),
(425, '2020-12-24', 229, 'Impaired fasting glucose', '$92381.56'),
(426, '2020-02-23', 58, 'RR acc NEC-employee', '$13924.52'),
(427, '2021-03-22', 325, 'Pemphigus', '$2697.25'),
(428, '2020-02-14', 103, 'Postmastect lymphedema', '$59103.98'),
(429, '2017-12-15', 452, 'Orbital osteomyelitis', '$87595.67'),
(430, '2019-08-20', 325, 'Prs ara wo ntr w inf/st', '$87898.49'),
(431, '2016-07-20', 237, 'Nasopharynx diphtheria', '$73582.79'),
(432, '2015-09-14', 508, '2 deg burn back of hand', '$63120.51'),
(433, '2017-03-10', 357, 'Watercraft explos-swim', '$25144.44'),
(434, '2020-10-23', 116, 'Contusion upper limb NOS', '$85643.79'),
(435, '2016-11-20', 590, 'Idio non-spec inter pneu', '$55240.74'),
(436, '2021-12-13', 253, 'Mv board/alight-pers NEC', '$3419.60'),
(437, '2021-10-08', 153, 'Staphylococc meningitis', '$3220.72'),
(438, '2018-11-25', 320, 'Keratoconus NOS', '$32602.27'),
(439, '2019-08-08', 1, 'NB obsrv oth suspct cond', '$49443.52'),
(440, '2016-02-18', 186, 'Mixed development dis', '$7543.87'),
(441, '2020-07-15', 110, 'Mgkrcyt leuk wo ach rmsn', '$16532.55'),
(442, '2019-10-20', 167, 'Mycotic arthrit-forearm', '$20149.19'),
(443, '2018-09-01', 540, 'Illeg ab w embolism-unsp', '$38873.04'),
(444, '2016-06-07', 515, 'Recur preg loss-unspec', '$98758.72'),
(445, '2016-07-08', 126, 'Urethral stricture NEC', '$99381.24'),
(446, '2020-06-05', 8, 'Intestinal obstruct NEC', '$83523.84'),
(447, '2020-09-13', 153, 'Puerperl sepsis-postpart', '$94558.45'),
(448, '2021-08-27', 61, 'CV dis NEC preg-unspec', '$83139.48'),
(449, '2020-04-03', 311, 'Uric acid nephrolithias', '$73178.18'),
(450, '2019-02-12', 182, 'Neonatal hypoglycemia', '$21363.56'),
(451, '2022-05-16', 532, 'Immunity deficiency NOS', '$60275.79'),
(452, '2018-07-21', 477, 'Infc mcrg drgrst mult', '$1512.50'),
(453, '2021-01-04', 61, '1st deg burn ankle', '$73781.68'),
(454, '2016-09-21', 450, 'Pulm complic-del w p/p', '$93418.03'),
(455, '2020-10-14', 368, 'Cns disorder NOS', '$23920.93'),
(456, '2021-01-17', 545, 'Aortic atresia/stenosis', '$99335.67'),
(457, '2021-04-27', 575, 'Chills (without fever)', '$1451.24'),
(458, '2015-12-15', 435, 'Psychogenic pain NOS', '$71564.86'),
(459, '2020-06-17', 259, 'Mv n-traff NEC/NOS-psgr', '$17601.55'),
(460, '2017-02-18', 411, 'Calcaneal spur', '$44074.49'),
(461, '2019-05-31', 373, 'Noninfl dis ova/adnx NOS', '$64467.73'),
(462, '2019-02-27', 270, 'Viral arthritis-hand', '$66256.45'),
(463, '2016-02-07', 129, 'Circadian rhym-irreg slp', '$20682.97'),
(464, '2016-04-12', 99, 'Malig neo sublingual', '$16365.87'),
(465, '2022-01-07', 500, 'Mal neo breast low-outer', '$84991.31'),
(466, '2022-02-05', 300, 'Mononeuritis multiplex', '$3885.84'),
(467, '2019-03-19', 25, 'Alcoh psy dis w hallucin', '$80453.16'),
(468, '2018-05-19', 501, 'Chron kidney dis stage V', '$29431.78'),
(469, '2015-09-19', 252, 'Abort NOS w pel inf-inc', '$28439.47'),
(470, '2021-02-20', 456, 'TB lung nodular-micro dx', '$20728.58'),
(471, '2019-10-30', 409, 'Inf arthrit NOS-pelvis', '$99495.08'),
(472, '2015-12-04', 178, 'Lymphomas NEC thorax', '$60777.26'),
(473, '2018-07-30', 510, 'Metabolism disorder NEC', '$31362.76'),
(474, '2018-12-16', 226, 'Exud cyst iris/ant chamb', '$66151.51'),
(475, '2016-09-10', 81, 'Acc poison-caustic NEC', '$66427.28'),
(476, '2021-07-29', 39, 'Ben crcnd prim site unkn', '$89903.23'),
(477, '2015-12-16', 7, 'Scrn oth spcf chlmyd dis', '$93649.91'),
(478, '2022-01-12', 188, 'Mastitis-antepartum', '$99915.69'),
(479, '2020-10-16', 483, 'Cannabis abuse-contin', '$51515.98'),
(480, '2018-12-14', 8, 'Malig neo tongue NEC', '$31694.10'),
(481, '2017-10-22', 537, 'Abdmnal rgdt lt lwr quad', '$42708.78'),
(482, '2020-03-04', 146, 'Arterial embolism NOS', '$68857.98'),
(483, '2019-09-18', 216, 'Cor ath d/t calc cor lsn', '$10710.55'),
(484, '2022-07-11', 316, 'Mumps encephalitis', '$63958.57'),
(485, '2020-09-22', 423, 'Obesity-delivered w p/p', '$92684.63'),
(486, '2020-09-23', 539, 'Injury popliteal artery', '$60037.84'),
(487, '2016-09-09', 557, 'Malignant neopl rectum', '$6753.23'),
(488, '2021-04-06', 374, 'Torus fx tibia/fibula', '$59087.91'),
(489, '2020-07-14', 580, 'Schilder\'s disease', '$7667.16'),
(490, '2020-05-26', 507, 'Hx-testicular malignancy', '$66628.49'),
(491, '2018-11-25', 166, 'Fx 1st metacarp base-cl', '$72472.34'),
(492, '2017-12-24', 429, 'Hx-milk prod allergy', '$84910.35'),
(493, '2017-08-11', 116, 'Abdominal aortic ectasia', '$6512.04'),
(494, '2017-08-13', 127, 'Opn wnd anterior abdomen', '$11258.58'),
(495, '2016-06-21', 593, 'Undet circ-cut instrumnt', '$13734.32'),
(496, '2021-08-25', 300, 'Disease of pharynx NEC', '$16487.37'),
(497, '2019-05-05', 260, 'Poxvirus infection NOS', '$1156.86'),
(498, '2018-06-07', 301, 'Perineal lac NOS-postpar', '$47893.44'),
(499, '2020-03-01', 535, 'Adverse effect NEC', '$67403.98'),
(500, '2016-08-14', 180, 'Voyeurism', '$93260.34'),
(501, '2016-06-10', 204, 'Webbing of neck', '$90356.40'),
(502, '2022-06-17', 281, 'Anemia-delivered', '$94761.22'),
(503, '2018-03-29', 267, 'Acc poison-exhaust gas', '$89998.21'),
(504, '2016-03-08', 231, 'Quadrplg c5-c7, complete', '$51415.99'),
(505, '2021-02-28', 546, 'Fall striking sharp obj', '$71069.10'),
(506, '2020-10-05', 571, 'Mal neo cerebellum NOS', '$36017.15'),
(507, '2022-08-10', 214, 'Blister NEC-infected', '$72461.58'),
(508, '2021-08-17', 143, 'Refereeing sports', '$33017.25'),
(509, '2017-03-01', 77, 'Foreign body finger', '$20384.76'),
(510, '2021-01-17', 150, 'Sec neuroendo tu-periton', '$89189.11'),
(511, '2021-03-28', 579, 'Comp edentulsm,class III', '$94252.59'),
(512, '2018-05-03', 33, 'Ac leu un cl wo ach rmsn', '$87011.39'),
(513, '2017-07-17', 282, 'Excess fet grth-antepart', '$38963.26'),
(514, '2017-06-03', 52, 'Metabolism disorder NOS', '$94146.87'),
(515, '2022-04-04', 440, 'Optic atrph w retin dyst', '$29674.88'),
(516, '2016-01-14', 54, 'Recurrent pterygium', '$27802.16'),
(517, '2018-07-14', 33, 'Lambert-Eaton synd neopl', '$53307.15'),
(518, '2018-01-21', 269, 'Fail mech induct-deliver', '$19538.75'),
(519, '2020-10-05', 90, 'Second syph viscera NEC', '$38604.35'),
(520, '2017-06-05', 334, 'Loose body-hand', '$81009.68'),
(521, '2020-09-12', 343, 'Viral encephalitis NEC', '$4020.72'),
(522, '2022-03-28', 89, 'Ac miliary tb-micro dx', '$15133.58'),
(523, '2021-12-13', 430, 'Tooth position anom NOS', '$26088.49'),
(524, '2017-12-11', 585, 'Cutaneous actinomycosis', '$97853.62'),
(525, '2020-01-30', 222, 'Ca in situ esophagus', '$36964.26'),
(526, '2018-11-20', 119, 'Cortex lacera-brief coma', '$57528.05'),
(527, '2020-11-14', 151, 'Encntr plnd po wnd clsr', '$17004.37'),
(528, '2019-12-23', 301, 'AMI inferolateral, init', '$48825.86'),
(529, '2016-01-06', 103, 'Mgrn wo aura w ntrc mgrn', '$67313.87'),
(530, '2016-11-02', 123, 'Cong adhesions of tongue', '$22392.15'),
(531, '2019-01-04', 209, 'Adv eff systemic agt NOS', '$32365.32'),
(532, '2019-10-28', 188, 'Ocl bslr art wo infrct', '$40466.18'),
(533, '2016-07-29', 207, 'Abdmnal mass rt lwr quad', '$89439.49'),
(534, '2019-10-08', 365, 'Suprv high-risk preg NEC', '$77848.49'),
(535, '2019-07-05', 136, 'Watercraft explos-pasngr', '$12598.03'),
(536, '2019-07-01', 235, 'Atten to enterostomy NEC', '$53022.64'),
(537, '2017-08-22', 397, 'Rupture descemet membran', '$52774.05'),
(538, '2016-11-05', 287, 'Acc poison-pyrazole derv', '$57602.94'),
(539, '2018-03-25', 394, 'Wtrcraft fall NEC-docker', '$32404.31'),
(540, '2017-12-27', 406, 'Hypochondriasis', '$40048.92'),
(541, '2022-06-24', 192, 'Hx-anesthetic allergy', '$48203.41'),
(542, '2020-07-02', 367, 'Adv eff iron & compounds', '$64934.24'),
(543, '2020-05-27', 319, 'Resp cond: ext agent NOS', '$70005.29'),
(544, '2019-07-01', 498, 'Opn skul fx NEC-brf coma', '$38971.35'),
(545, '2016-07-09', 429, 'Immundef t-cell def NOS', '$32506.42'),
(546, '2016-06-23', 162, 'DMI ophth nt st uncntrld', '$96159.70'),
(547, '2015-12-30', 565, 'Fx symphy mandib body-cl', '$59256.93'),
(548, '2016-12-26', 162, 'Acq acanthosis nigricans', '$11384.12'),
(549, '2019-08-18', 155, 'Late eff nonmed substanc', '$39317.59'),
(550, '2022-06-26', 344, 'Mal neo ant 2/3 tongue', '$33501.63'),
(551, '2020-09-28', 150, 'Fetal hematologic-deliv', '$40953.48'),
(552, '2016-03-22', 422, 'Nutrition deficiency NEC', '$71459.02'),
(553, '2020-07-14', 151, 'Local anterior staphylma', '$20960.68'),
(554, '2016-07-05', 419, 'TB lung infiltr-histo dx', '$67580.66'),
(555, '2017-01-23', 448, 'Cervicocranial syndrome', '$84542.69'),
(556, '2018-05-28', 363, 'Mv coll w obj-pedest', '$4408.44'),
(557, '2020-10-15', 258, 'Plantar wart', '$3682.08'),
(558, '2016-05-13', 452, '1st deg burn hand NOS', '$21031.96'),
(559, '2019-09-21', 358, 'Nonpsychotic disord NOS', '$71925.63'),
(560, '2016-06-10', 428, 'Malposition of uterus', '$46811.62'),
(561, '2022-08-10', 486, 'Undet fall natural site', '$44645.40'),
(562, '2020-07-04', 545, 'Malign neopl cornea', '$34359.24'),
(563, '2015-10-14', 479, '3rd deg burn nose', '$9618.18'),
(564, '2016-10-19', 201, 'Stat ob w/o sub fall NEC', '$49785.68'),
(565, '2015-09-06', 302, 'Adv eff skin agent NOS', '$43097.39'),
(566, '2016-11-04', 221, 'Benign neoplasm tonsil', '$46123.33'),
(567, '2022-04-08', 428, 'Quadruplet preg-deliver', '$66945.73'),
(568, '2022-06-06', 594, 'Gonococcal endocarditis', '$69431.02'),
(569, '2017-03-18', 342, 'Herpetic septicemia', '$66245.29'),
(570, '2021-02-15', 379, 'Chr gc upper gu NEC', '$64313.07'),
(571, '2018-07-20', 89, 'Goniosynechiae', '$20497.39'),
(572, '2016-11-25', 195, 'Isol tracheal tb-unspec', '$45369.49'),
(573, '2022-07-12', 254, '3 deg burn back of hand', '$44727.67'),
(574, '2021-04-06', 373, 'Acc poison-plant food', '$9767.67'),
(575, '2019-11-01', 254, 'Pneumonia due to SARS', '$93092.96'),
(576, '2021-06-17', 462, '3rd deg burn head-mult', '$65093.55'),
(577, '2019-03-24', 55, 'Conditn influ health NEC', '$92464.34'),
(578, '2016-09-27', 284, 'Polyarthrit NOS-oth site', '$50390.28'),
(579, '2021-06-21', 497, 'Blood vessel replac NEC', '$59842.95'),
(580, '2016-03-27', 386, 'DMII neuro uncntrld', '$89034.81'),
(581, '2018-10-10', 307, 'Chr proliferat nephritis', '$40396.42'),
(582, '2021-06-03', 532, 'True post infarct,unspec', '$48814.39'),
(583, '2015-09-02', 192, 'Disorders of choroid NEC', '$1945.27'),
(584, '2021-05-29', 407, 'Aphasia', '$4103.79'),
(585, '2017-05-07', 314, 'Hypervitaminosis d', '$40339.06'),
(586, '2017-07-25', 275, 'TB of hip-micro dx', '$52971.61'),
(587, '2021-03-12', 161, 'Phlegmon dacryocystitis', '$54083.57'),
(588, '2018-02-14', 148, 'Gastric/duodenal fistula', '$18543.10'),
(589, '2020-04-29', 326, 'Solid/liq pneumonit NEC', '$34327.31'),
(590, '2022-04-07', 555, 'Artic cartil dis-shlder', '$13000.07'),
(591, '2016-02-15', 155, 'Compl marrow transplant', '$79214.63'),
(592, '2021-12-10', 402, 'Adv eff antilipemics', '$87962.13'),
(593, '2019-04-15', 454, 'Fet damg d/t virus-deliv', '$76985.77'),
(594, '2017-03-02', 76, 'Profnd intellct disablty', '$16606.36'),
(595, '2019-08-17', 427, 'Choroidal degen NOS', '$21081.86'),
(596, '2022-03-27', 4, 'TB esophagus-cult dx', '$3303.60'),
(597, '2021-03-07', 479, 'Carcinoma in situ vulva', '$85074.05'),
(598, '2016-11-19', 251, 'Postlaminect synd-thorac', '$38836.01'),
(599, '2020-12-22', 366, 'Benign neo bronchus/lung', '$30071.30'),
(600, '2016-08-31', 17, 'Thyrotox NOS w crisis', '$41884.54');

-- --------------------------------------------------------

--
-- Table structure for table `perro`
--

CREATE TABLE `perro` (
  `Id_Perro` int(11) NOT NULL,
  `Nombre` varchar(50) DEFAULT NULL,
  `Fecha_Nacimiento` date DEFAULT NULL,
  `Dni_due単o` int(11) DEFAULT NULL,
  `Sexo` varchar(20) DEFAULT NULL
) ENGINE=InnoDB DEFAULT CHARSET=utf8mb4;

--
-- Dumping data for table `perro`
--

INSERT INTO `perro` (`Id_Perro`, `Nombre`, `Fecha_Nacimiento`, `Dni_due単o`, `Sexo`) VALUES
(1, 'vsorel0', '2019-02-13', 110, 'M'),
(2, 'kguion1', '2010-10-01', 543, 'F'),
(3, 'cormshaw2', '2017-10-28', 366, 'F'),
(4, 'sainsley3', '2012-07-26', 333, 'F'),
(5, 'cfairhall4', '2010-02-28', 186, 'M'),
(6, 'sbirkinshaw5', '2008-12-12', 57, 'F'),
(7, 'rmerit6', '2007-01-05', 211, 'M'),
(8, 'emckag7', '2014-09-10', 164, 'M'),
(9, 'hsiberry8', '2018-05-16', 474, 'M'),
(10, 'oformie9', '2016-05-02', 183, 'M'),
(11, 'nkinavana', '2007-10-04', 278, 'M'),
(12, 'mgartshoreb', '2021-05-02', 312, 'F'),
(13, 'lnencic', '2021-02-07', 188, 'M'),
(14, 'koloughnand', '2022-03-26', 463, 'M'),
(15, 'sobelle', '2009-12-11', 385, 'M'),
(16, 'rfennyf', '2022-05-22', 293, 'M'),
(17, 'rdemicolig', '2010-08-28', 522, 'F'),
(18, 'rvanarsdallh', '2012-04-12', 540, 'M'),
(19, 'hlyei', '2016-06-02', 345, 'M'),
(20, 'mpellmanj', '2018-07-09', 116, 'M'),
(21, 'amakerk', '2010-05-08', 252, 'F'),
(22, 'alamymanl', '2020-05-10', 299, 'M'),
(23, 'bheardm', '2021-12-03', 436, 'F'),
(24, 'syannonin', '2008-11-07', 493, 'F'),
(25, 'eemanuelio', '2011-09-07', 180, 'M'),
(26, 'glatep', '2015-02-08', 381, 'M'),
(27, 'ndoeyq', '2021-06-06', 37, 'F'),
(28, 'pbrameltr', '2015-06-20', 71, 'F'),
(29, 'mporsons', '2015-10-08', 535, 'M'),
(30, 'fminicot', '2017-07-10', 53, 'F'),
(31, 'vackermanu', '2017-09-06', 310, 'M'),
(32, 'pdirkinv', '2011-09-17', 334, 'F'),
(33, 'ffigguresw', '2008-09-16', 323, 'F'),
(34, 'sjeremiahx', '2009-10-13', 387, 'M'),
(35, 'cdivinyy', '2016-06-07', 329, 'F'),
(36, 'nbrandhamz', '2007-10-23', 48, 'F'),
(37, 'gpotts10', '2010-12-21', 183, 'M'),
(38, 'borme11', '2017-03-02', 204, 'M'),
(39, 'jrobben12', '2021-08-30', 153, 'M'),
(40, 'akensley13', '2006-04-06', 466, 'F'),
(41, 'hnobriga14', '2010-03-16', 210, 'M'),
(42, 'jflacke15', '2013-04-01', 364, 'M'),
(43, 'estollen16', '2010-10-04', 577, 'F'),
(44, 'skynforth17', '2022-02-15', 405, 'M'),
(45, 'hwilds18', '2011-07-08', 472, 'M'),
(46, 'zstatersfield19', '2015-05-02', 256, 'F'),
(47, 'adanser1a', '2021-12-13', 201, 'F'),
(48, 'sbrownstein1b', '2018-07-17', 81, 'M'),
(49, 'ialam1c', '2012-06-23', 448, 'M'),
(50, 'lvasiljevic1d', '2008-02-20', 143, 'M'),
(51, 'ggreenard1e', '2018-08-18', 90, 'F'),
(52, 'mganderton1f', '2012-04-15', 380, 'M'),
(53, 'asanney1g', '2016-08-09', 35, 'M'),
(54, 'gwinchcum1h', '2012-05-22', 137, 'F'),
(55, 'kcrutch1i', '2010-08-26', 320, 'M'),
(56, 'hbeahan1j', '2013-05-10', 8, 'F'),
(57, 'agiraldez1k', '2016-09-12', 115, 'F'),
(58, 'bsifleet1l', '2014-09-24', 4, 'M'),
(59, 'omcglue1m', '2017-07-21', 504, 'F'),
(60, 'tellard1n', '2012-07-24', 137, 'M'),
(61, 'clober1o', '2019-07-18', 548, 'M'),
(62, 'cpeakman1p', '2020-08-24', 549, 'F'),
(63, 'dbirrane1q', '2017-01-23', 438, 'F'),
(64, 'dbrigstock1r', '2014-07-10', 155, 'M'),
(65, 'gveasey1s', '2007-02-07', 140, 'M'),
(66, 'ctallach1t', '2011-04-30', 299, 'M'),
(67, 'bkienlein1u', '2009-07-31', 313, 'M'),
(68, 'gmckilroe1v', '2015-10-07', 13, 'M'),
(69, 'reighteen1w', '2013-09-27', 169, 'M'),
(70, 'rbrundall1x', '2012-10-22', 571, 'F'),
(71, 'sstreatfeild1y', '2011-12-18', 516, 'M'),
(72, 'elatorre1z', '2011-09-17', 138, 'M'),
(73, 'hcansdill20', '2015-10-09', 145, 'F'),
(74, 'akite21', '2013-01-31', 47, 'M'),
(75, 'cjanu22', '2019-08-06', 371, 'F'),
(76, 'dhylton23', '2007-08-14', 125, 'M'),
(77, 'dkane24', '2010-11-27', 479, 'F'),
(78, 'gboxhill25', '2017-05-20', 247, 'F'),
(79, 'fmanley26', '2016-06-26', 465, 'M'),
(80, 'lsiman27', '2008-04-28', 274, 'F'),
(81, 'hgreatorex28', '2008-04-09', 85, 'F'),
(82, 'bwoehler29', '2014-03-21', 115, 'M'),
(83, 'msmuth2a', '2007-09-03', 62, 'M'),
(84, 'jbuxsey2b', '2017-06-22', 442, 'M'),
(85, 'scalcraft2c', '2021-09-18', 447, 'M'),
(86, 'feddisforth2d', '2008-01-01', 508, 'M'),
(87, 'dpessolt2e', '2010-12-28', 451, 'M'),
(88, 'epugsley2f', '2018-05-26', 185, 'M'),
(89, 'hwoolard2g', '2009-06-02', 33, 'M'),
(90, 'mprine2h', '2014-05-19', 365, 'F'),
(91, 'ctother2i', '2006-06-27', 515, 'M'),
(92, 'lbrame2j', '2014-07-10', 568, 'F'),
(93, 'jgrcic2k', '2005-11-13', 409, 'F'),
(94, 'tdumbell2l', '2013-02-02', 106, 'M'),
(95, 'fhancorn2m', '2008-12-24', 232, 'M'),
(96, 'rdreghorn2n', '2022-06-05', 473, 'M'),
(97, 'yesland2o', '2008-11-12', 555, 'M'),
(98, 'jandreichik2p', '2021-12-14', 120, 'M'),
(99, 'ssawdy2q', '2018-07-30', 69, 'F'),
(100, 'rlinnett2r', '2016-08-01', 168, 'F'),
(101, 'gwinterflood2s', '2006-12-05', 75, 'M'),
(102, 'dmee2t', '2011-06-14', 465, 'F'),
(103, 'mfeighney2u', '2021-06-15', 248, 'F'),
(104, 'ggilder2v', '2011-02-13', 414, 'F'),
(105, 'rsnoxall2w', '2020-08-29', 306, 'F'),
(106, 'bbicksteth2x', '2019-02-23', 313, 'M'),
(107, 'hpaulsen2y', '2006-01-23', 42, 'M'),
(108, 'enoir2z', '2016-01-11', 133, 'M'),
(109, 'sramirez30', '2018-02-12', 472, 'M'),
(110, 'csyson31', '2020-12-03', 351, 'M'),
(111, 'rmckechnie32', '2009-09-25', 371, 'F'),
(112, 'achataignier33', '2009-06-06', 111, 'F'),
(113, 'kwarrell34', '2017-07-10', 36, 'F'),
(114, 'fcoltart35', '2016-01-27', 74, 'F'),
(115, 'scluse36', '2005-12-18', 78, 'F'),
(116, 'esimons37', '2007-12-01', 258, 'M'),
(117, 'hhumpatch38', '2010-07-09', 131, 'M'),
(118, 'ibrookwell39', '2014-10-31', 593, 'F'),
(119, 'dsimester3a', '2011-03-26', 348, 'F'),
(120, 'jkachel3b', '2010-04-27', 281, 'F'),
(121, 'estorie3c', '2021-03-11', 271, 'F'),
(122, 'cpumphreys3d', '2015-04-28', 117, 'M'),
(123, 'rlorroway3e', '2013-09-05', 365, 'F'),
(124, 'cashbridge3f', '2020-04-21', 87, 'M'),
(125, 'dcavie3g', '2020-07-21', 419, 'F'),
(126, 'uhallewell3h', '2020-05-12', 188, 'F'),
(127, 'ssimonson3i', '2020-10-17', 494, 'M'),
(128, 'cgascard3j', '2014-02-05', 102, 'M'),
(129, 'hwegner3k', '2022-01-18', 374, 'M'),
(130, 'vgemmell3l', '2006-08-22', 472, 'F'),
(131, 'fbeddie3m', '2017-03-20', 170, 'M'),
(132, 'kkoppen3n', '2010-11-22', 385, 'F'),
(133, 'teatttok3o', '2016-10-27', 303, 'F'),
(134, 'gwhatford3p', '2009-06-08', 361, 'M'),
(135, 'crushbrook3q', '2019-05-24', 72, 'M'),
(136, 'agurling3r', '2018-10-09', 265, 'F'),
(137, 'iormiston3s', '2014-09-14', 503, 'F'),
(138, 'hdowning3t', '2019-01-23', 140, 'M'),
(139, 'rcaesman3u', '2010-03-06', 127, 'F'),
(140, 'mbloodworth3v', '2017-10-04', 1, 'M'),
(141, 'dvasse3w', '2013-06-05', 446, 'M'),
(142, 'hlornsen3x', '2016-03-27', 60, 'M'),
(143, 'epidwell3y', '2013-02-11', 358, 'F'),
(144, 'gnezey3z', '2011-02-24', 121, 'F'),
(145, 'emongain40', '2011-01-29', 527, 'F'),
(146, 'nastlatt41', '2013-10-12', 151, 'M'),
(147, 'mtomaszewski42', '2018-10-07', 521, 'F'),
(148, 'rprestidge43', '2006-12-22', 414, 'F'),
(149, 'mgainseford44', '2007-08-31', 274, 'M'),
(150, 'dfursland45', '2013-07-19', 600, 'F'),
(151, 'fvarns46', '2010-01-27', 306, 'F'),
(152, 'sherreran47', '2017-02-13', 593, 'F'),
(153, 'roffell48', '2013-04-12', 43, 'M'),
(154, 'rpaolicchi49', '2022-03-25', 258, 'F'),
(155, 'mtooker4a', '2016-04-27', 460, 'F'),
(156, 'mdagless4b', '2019-04-09', 178, 'M'),
(157, 'yruddom4c', '2015-10-25', 571, 'F'),
(158, 'tburnsyde4d', '2006-08-25', 293, 'M'),
(159, 'mlearman4e', '2016-08-29', 151, 'M'),
(160, 'thoulridge4f', '2018-07-03', 81, 'F'),
(161, 'aimrie4g', '2013-04-24', 36, 'M'),
(162, 'kbleier4h', '2018-01-19', 396, 'F'),
(163, 'redgehill4i', '2015-01-17', 77, 'M'),
(164, 'gcaldera4j', '2008-10-20', 171, 'M'),
(165, 'acollymore4k', '2013-03-30', 207, 'F'),
(166, 'mtitcomb4l', '2014-07-15', 564, 'M'),
(167, 'kbeverage4m', '2010-11-11', 511, 'M'),
(168, 'rlevin4n', '2010-08-19', 153, 'F'),
(169, 'asheldon4o', '2012-02-07', 29, 'F'),
(170, 'jlown4p', '2013-12-09', 395, 'M'),
(171, 'dtilbury4q', '2008-10-29', 32, 'F'),
(172, 'blympany4r', '2013-08-08', 73, 'F'),
(173, 'rtrinder4s', '2016-02-26', 260, 'F'),
(174, 'nlongland4t', '2022-02-06', 346, 'M'),
(175, 'kwindus4u', '2015-01-08', 266, 'M'),
(176, 'acherrett4v', '2017-10-24', 301, 'F'),
(177, 'eferriman4w', '2011-09-14', 63, 'F'),
(178, 'kgauch4x', '2015-09-25', 293, 'M'),
(179, 'mcurgenuer4y', '2011-05-27', 552, 'F'),
(180, 'gkleyn4z', '2008-03-18', 132, 'M'),
(181, 'sjacqueme50', '2017-01-07', 401, 'F'),
(182, 'rstidson51', '2021-09-08', 357, 'M'),
(183, 'fwigfield52', '2011-02-27', 487, 'F'),
(184, 'ostorror53', '2022-02-17', 385, 'M'),
(185, 'mgozney54', '2020-01-18', 591, 'M'),
(186, 'mmemmory55', '2013-03-26', 475, 'F'),
(187, 'cblackey56', '2020-02-16', 266, 'F'),
(188, 'tmcquarter57', '2011-02-27', 387, 'F'),
(189, 'gfero58', '2010-02-16', 563, 'F'),
(190, 'mjobb59', '2007-01-04', 211, 'F'),
(191, 'gmalloy5a', '2019-07-14', 119, 'M'),
(192, 'rsalsbury5b', '2019-11-05', 259, 'M'),
(193, 'drase5c', '2015-07-08', 578, 'F'),
(194, 'cbrugemann5d', '2014-05-22', 2, 'F'),
(195, 'jheaselgrave5e', '2019-05-29', 596, 'M'),
(196, 'thenriques5f', '2006-03-11', 452, 'M'),
(197, 'abaffin5g', '2015-01-14', 75, 'M'),
(198, 'rkubicek5h', '2013-07-17', 295, 'M'),
(199, 'itrustey5i', '2021-12-31', 81, 'M'),
(200, 'achrystal5j', '2010-03-30', 195, 'M'),
(201, 'jgration5k', '2019-07-02', 346, 'F'),
(202, 'wmorrow5l', '2017-03-29', 177, 'M'),
(203, 'ccuff5m', '2014-09-10', 191, 'M'),
(204, 'hlaugier5n', '2021-11-21', 98, 'M'),
(205, 'cpiddle5o', '2006-03-16', 53, 'F'),
(206, 'rmccracken5p', '2016-12-03', 373, 'M'),
(207, 'mlaydon5q', '2011-05-21', 344, 'M'),
(208, 'nshirt5r', '2006-01-02', 470, 'F'),
(209, 'ebramwich5s', '2009-01-11', 366, 'F'),
(210, 'mcloute5t', '2020-01-26', 505, 'F'),
(211, 'pvannoni5u', '2018-10-31', 222, 'M'),
(212, 'ctoope5v', '2006-07-15', 359, 'M'),
(213, 'bseabrook5w', '2011-02-21', 47, 'M'),
(214, 'mbelchem5x', '2020-09-17', 583, 'F'),
(215, 'vregan5y', '2021-11-04', 278, 'F'),
(216, 'jthake5z', '2012-12-31', 539, 'M'),
(217, 'pcowgill60', '2011-12-22', 543, 'F'),
(218, 'ravrasin61', '2015-09-06', 15, 'M'),
(219, 'yespinoy62', '2011-08-19', 41, 'M'),
(220, 'cspridgen63', '2021-09-18', 48, 'M'),
(221, 'efavill64', '2019-04-23', 588, 'M'),
(222, 'vkincey65', '2011-01-31', 79, 'M'),
(223, 'qgloyens66', '2005-12-04', 313, 'F'),
(224, 'mbrearton67', '2011-01-04', 324, 'M'),
(225, 'vchopy68', '2006-10-08', 144, 'M'),
(226, 'irideout69', '2019-02-23', 210, 'F'),
(227, 'jlines6a', '2015-03-08', 435, 'F'),
(228, 'dburcher6b', '2007-06-18', 436, 'F'),
(229, 'tullock6c', '2019-08-27', 573, 'F'),
(230, 'mbasilone6d', '2011-01-06', 127, 'M'),
(231, 'pmellish6e', '2011-10-22', 316, 'M'),
(232, 'bmimmack6f', '2021-02-19', 263, 'F'),
(233, 'aeby6g', '2006-10-14', 509, 'F'),
(234, 'khylden6h', '2016-07-17', 385, 'F'),
(235, 'cguerreau6i', '2013-09-08', 378, 'M'),
(236, 'jhaddon6j', '2018-09-02', 537, 'F'),
(237, 'gmellody6k', '2016-08-13', 99, 'F'),
(238, 'korwin6l', '2010-11-24', 124, 'M'),
(239, 'baldwinckle6m', '2020-03-20', 242, 'F'),
(240, 'nnaughton6n', '2010-08-25', 269, 'M'),
(241, 'mrosencrantz6o', '2012-04-18', 162, 'F'),
(242, 'ebenasik6p', '2019-01-23', 303, 'F'),
(243, 'kramelet6q', '2009-02-13', 594, 'M'),
(244, 'aburrett6r', '2020-03-20', 317, 'M'),
(245, 'cdevers6s', '2015-03-25', 165, 'M'),
(246, 'nmacelroy6t', '2020-04-14', 111, 'M'),
(247, 'flook6u', '2013-04-25', 126, 'F'),
(248, 'hlesarr6v', '2017-01-04', 569, 'M'),
(249, 'shebditch6w', '2009-02-24', 44, 'M'),
(250, 'bmacnockater6x', '2010-10-11', 300, 'M'),
(251, 'jgourdon6y', '2015-10-16', 401, 'F'),
(252, 'bleheude6z', '2020-10-27', 508, 'M'),
(253, 'rspillman70', '2021-04-28', 109, 'F'),
(254, 'tlakenton71', '2013-04-04', 565, 'M'),
(255, 'cbonifant72', '2008-07-11', 122, 'M'),
(256, 'mofeeny73', '2015-03-16', 492, 'M'),
(257, 'cdodworth74', '2016-08-10', 245, 'F'),
(258, 'mspeeks75', '2006-05-26', 36, 'F'),
(259, 'astroder76', '2018-06-28', 433, 'M'),
(260, 'bepinoy77', '2014-12-01', 46, 'F'),
(261, 'sfroud78', '2012-06-25', 247, 'M'),
(262, 'dend79', '2016-08-02', 492, 'M'),
(263, 'echarlotte7a', '2019-01-13', 78, 'M'),
(264, 'anorvill7b', '2006-03-14', 193, 'F'),
(265, 'dbutlin7c', '2009-05-03', 180, 'F'),
(266, 'pcardoso7d', '2009-09-13', 105, 'F'),
(267, 'chedde7e', '2019-03-20', 298, 'F'),
(268, 'mmcbrearty7f', '2015-11-05', 295, 'F'),
(269, 'tsigne7g', '2008-11-10', 62, 'F'),
(270, 'llockhead7h', '2007-07-07', 485, 'F'),
(271, 'kchstney7i', '2008-11-04', 448, 'F'),
(272, 'wpiddletown7j', '2018-01-31', 509, 'F'),
(273, 'truppelin7k', '2021-04-08', 547, 'F'),
(274, 'jheindrich7l', '2007-05-13', 73, 'M'),
(275, 'acayton7m', '2020-11-20', 287, 'F'),
(276, 'plugton7n', '2008-07-17', 27, 'M'),
(277, 'yburlay7o', '2021-09-21', 81, 'F'),
(278, 'gpatrick7p', '2015-04-27', 30, 'F'),
(279, 'ehargitt7q', '2014-08-10', 493, 'F'),
(280, 'kgouny7r', '2019-09-01', 342, 'M'),
(281, 'kcreany7s', '2018-09-05', 23, 'F'),
(282, 'astanworth7t', '2008-06-13', 166, 'M'),
(283, 'sjohanssen7u', '2007-08-16', 600, 'M'),
(284, 'rjime7v', '2021-12-11', 29, 'F'),
(285, 'jdienes7w', '2017-08-19', 582, 'M'),
(286, 'adenrico7x', '2005-10-03', 102, 'M'),
(287, 'tgunbie7y', '2014-06-23', 476, 'M'),
(288, 'chemphall7z', '2011-05-04', 463, 'M'),
(289, 'cledward80', '2014-12-14', 110, 'M'),
(290, 'bmccane81', '2011-07-25', 81, 'M'),
(291, 'myeowell82', '2008-11-19', 266, 'M'),
(292, 'mespinho83', '2009-03-18', 385, 'M'),
(293, 'tshaudfurth84', '2010-06-20', 52, 'F'),
(294, 'hcubin85', '2018-01-07', 60, 'M'),
(295, 'amarritt86', '2015-02-06', 441, 'F'),
(296, 'ldonnell87', '2018-10-06', 78, 'M'),
(297, 'strickey88', '2021-02-26', 235, 'F'),
(298, 'pcorneil89', '2013-11-24', 6, 'F'),
(299, 'dreijmers8a', '2008-06-13', 175, 'F'),
(300, 'thowells8b', '2009-12-24', 448, 'M'),
(301, 'agouldthorpe8c', '2006-05-12', 180, 'M'),
(302, 'bstringfellow8d', '2006-12-17', 154, 'M'),
(303, 'esanham8e', '2019-04-06', 567, 'F'),
(304, 'qlyptratt8f', '2008-04-18', 557, 'F'),
(305, 'rsteggles8g', '2020-11-01', 52, 'M'),
(306, 'lhesbrook8h', '2016-11-23', 399, 'M'),
(307, 'gdreinan8i', '2020-06-01', 410, 'M'),
(308, 'hcolombier8j', '2019-06-25', 430, 'M'),
(309, 'cwilliment8k', '2006-02-23', 237, 'M'),
(310, 'mcrop8l', '2008-11-03', 203, 'M'),
(311, 'lcrecy8m', '2020-07-20', 188, 'M'),
(312, 'bseargeant8n', '2011-01-07', 18, 'F'),
(313, 'ogovenlock8o', '2015-04-17', 8, 'F'),
(314, 'zrushbrooke8p', '2007-11-28', 345, 'M'),
(315, 'kbarrasse8q', '2017-04-06', 132, 'M'),
(316, 'ttitterton8r', '2007-03-21', 87, 'F'),
(317, 'vamys8s', '2005-09-20', 292, 'M'),
(318, 'garlt8t', '2021-02-07', 530, 'M'),
(319, 'mpickle8u', '2007-05-19', 116, 'M'),
(320, 'sstollmeier8v', '2006-11-28', 376, 'F'),
(321, 'iscothron8w', '2018-04-26', 441, 'M'),
(322, 'kottam8x', '2017-02-10', 229, 'M'),
(323, 'mallkins8y', '2012-03-31', 563, 'M'),
(324, 'blamprey8z', '2008-07-21', 461, 'F'),
(325, 'mblakely90', '2009-11-30', 46, 'F'),
(326, 'djanca91', '2020-02-29', 110, 'M'),
(327, 'ldargie92', '2012-05-25', 519, 'M'),
(328, 'nbulbeck93', '2016-10-25', 27, 'M'),
(329, 'tmoncur94', '2017-03-15', 64, 'M'),
(330, 'aosbidston95', '2013-10-07', 554, 'M'),
(331, 'nbodley96', '2011-03-23', 537, 'M'),
(332, 'mcrombleholme97', '2017-01-02', 213, 'M'),
(333, 'bsparrowe98', '2013-12-19', 252, 'M'),
(334, 'rludye99', '2020-08-31', 219, 'F'),
(335, 'ltackett9a', '2010-01-30', 80, 'M'),
(336, 'lchaff9b', '2020-02-11', 399, 'F'),
(337, 'mtavener9c', '2006-07-02', 342, 'M'),
(338, 'adwine9d', '2015-02-11', 471, 'M'),
(339, 'blingfoot9e', '2005-10-18', 178, 'M'),
(340, 'smattiacci9f', '2017-06-27', 99, 'M'),
(341, 'tlumbly9g', '2020-03-10', 385, 'F'),
(342, 'dtreece9h', '2006-02-23', 133, 'F'),
(343, 'rstoll9i', '2006-12-29', 170, 'M'),
(344, 'alefloch9j', '2008-05-28', 188, 'F'),
(345, 'gcrolly9k', '2017-10-30', 14, 'M'),
(346, 'jscouse9l', '2022-07-05', 266, 'F'),
(347, 'jhonywill9m', '2013-06-18', 170, 'F'),
(348, 'syegorkin9n', '2016-01-26', 135, 'F'),
(349, 'athebe9o', '2016-10-27', 392, 'M'),
(350, 'trupert9p', '2015-05-13', 235, 'M'),
(351, 'aknuckles9q', '2008-10-18', 3, 'M'),
(352, 'rsperling9r', '2014-09-27', 111, 'M'),
(353, 'npress9s', '2010-08-11', 424, 'F'),
(354, 'mcastelijn9t', '2010-04-22', 323, 'F'),
(355, 'vpickerill9u', '2006-08-01', 81, 'M'),
(356, 'mferschke9v', '2005-08-14', 231, 'F'),
(357, 'effoulkes9w', '2010-04-14', 392, 'M'),
(358, 'dbeaufoy9x', '2018-02-05', 495, 'M'),
(359, 'wabrahamsohn9y', '2018-04-07', 130, 'F'),
(360, 'mpenner9z', '2014-06-11', 319, 'M'),
(361, 'vtumbridgea0', '2017-09-29', 82, 'M'),
(362, 'wmcclosha1', '2008-09-21', 579, 'M'),
(363, 'mocainea2', '2019-04-14', 233, 'M'),
(364, 'cbaddama3', '2008-06-08', 546, 'M'),
(365, 'aabrahamowitcza4', '2010-10-29', 83, 'F'),
(366, 'rklezmskia5', '2011-11-17', 204, 'F'),
(367, 'mrosebladea6', '2022-01-05', 410, 'F'),
(368, 'singsa7', '2013-06-20', 365, 'M'),
(369, 'lstroobanda8', '2007-02-07', 29, 'F'),
(370, 'redlingtona9', '2018-02-03', 392, 'M'),
(371, 'cnasonaa', '2009-01-18', 597, 'M'),
(372, 'gdrageab', '2008-03-05', 367, 'F'),
(373, 'bsimeoniac', '2011-03-14', 373, 'F'),
(374, 'mjodlowskiad', '2006-08-28', 100, 'F'),
(375, 'wkatzae', '2013-06-07', 423, 'F'),
(376, 'fcleugheraf', '2014-08-29', 544, 'M'),
(377, 'rdudneyag', '2008-08-30', 78, 'F'),
(378, 'freekieah', '2014-09-04', 516, 'F'),
(379, 'byoskowitzai', '2005-10-06', 486, 'F'),
(380, 'lrissomaj', '2011-11-21', 36, 'M'),
(381, 'eranklinak', '2013-12-07', 156, 'M'),
(382, 'vjanningal', '2010-06-12', 383, 'M'),
(383, 'smarinam', '2017-11-02', 272, 'M'),
(384, 'kchoupinan', '2020-08-14', 516, 'F'),
(385, 'hpeacockao', '2010-04-01', 420, 'M'),
(386, 'dlondesboroughap', '2015-01-10', 362, 'M'),
(387, 'nkeeleaq', '2011-01-15', 402, 'F'),
(388, 'sfanthomear', '2007-03-30', 454, 'M'),
(389, 'broblouas', '2015-11-25', 442, 'F'),
(390, 'enotleyat', '2018-07-26', 559, 'F'),
(391, 'bsawbridgeau', '2010-06-18', 200, 'M'),
(392, 'nfrieseav', '2017-02-22', 315, 'M'),
(393, 'mjohnceyaw', '2014-05-01', 149, 'F'),
(394, 'mmcfaddenax', '2009-02-04', 487, 'F'),
(395, 'slemaray', '2008-10-22', 147, 'M'),
(396, 'amackibbonaz', '2007-05-30', 406, 'F'),
(397, 'kocurriganb0', '2011-11-25', 332, 'M'),
(398, 'dsprowellb1', '2010-01-04', 502, 'F'),
(399, 'kclausenb2', '2011-12-30', 320, 'F'),
(400, 'rharsentb3', '2012-08-08', 161, 'F'),
(401, 'dtunnochb4', '2014-09-22', 315, 'F'),
(402, 'gmollnarb5', '2008-01-07', 522, 'M'),
(403, 'dcaldwellb6', '2010-10-05', 590, 'M'),
(404, 'woluwatoyinb7', '2017-10-08', 229, 'M'),
(405, 'dhusterb8', '2010-01-19', 203, 'F'),
(406, 'pbradborneb9', '2008-12-20', 267, 'F'),
(407, 'jclaremontba', '2008-07-31', 285, 'M'),
(408, 'lwittsbb', '2019-09-12', 305, 'F'),
(409, 'elongdenbc', '2011-01-05', 43, 'M'),
(410, 'amcpeicebd', '2010-02-15', 198, 'M'),
(411, 'cdisburybe', '2017-09-14', 62, 'M'),
(412, 'pnewbf', '2015-05-07', 229, 'M'),
(413, 'afrantsevbg', '2020-02-26', 113, 'M'),
(414, 'ajillingsbh', '2013-10-09', 434, 'F'),
(415, 'truckhardbi', '2017-09-03', 488, 'F'),
(416, 'swillowaybj', '2010-06-03', 12, 'M'),
(417, 'ldovidianbk', '2021-05-13', 210, 'M'),
(418, 'locrevybl', '2018-04-18', 382, 'M'),
(419, 'mwinstonebm', '2014-01-17', 375, 'M'),
(420, 'gmouginbn', '2019-07-01', 397, 'M'),
(421, 'bcrasswellerbo', '2013-09-26', 150, 'M'),
(422, 'dpallaschbp', '2007-09-23', 399, 'M'),
(423, 'athomingabq', '2018-07-29', 113, 'M'),
(424, 'atremellanbr', '2006-09-13', 252, 'F'),
(425, 'mtownsbs', '2011-02-20', 247, 'M'),
(426, 'nbugdellbt', '2006-05-04', 355, 'M'),
(427, 'wflightbu', '2013-04-02', 248, 'M'),
(428, 'mdowthwaitebv', '2011-07-26', 117, 'F'),
(429, 'jwedmorebw', '2010-04-20', 236, 'F'),
(430, 'cseegerbx', '2009-11-22', 498, 'M'),
(431, 'ddawidby', '2011-03-03', 165, 'M'),
(432, 'jjestbz', '2013-07-02', 82, 'M'),
(433, 'kbreezec0', '2014-08-24', 599, 'F'),
(434, 'edavenportc1', '2010-05-05', 389, 'F'),
(435, 'lhandslipc2', '2013-12-29', 110, 'M'),
(436, 'oeadiec3', '2015-03-16', 312, 'F'),
(437, 'dmcquakerc4', '2007-10-26', 486, 'F'),
(438, 'jurec5', '2021-01-21', 423, 'M'),
(439, 'vburrillc6', '2010-10-05', 128, 'F'),
(440, 'augolottic7', '2012-04-16', 542, 'M'),
(441, 'chyndsonc8', '2009-05-11', 155, 'F'),
(442, 'tkuhwaldc9', '2015-10-20', 534, 'M'),
(443, 'pgledeca', '2014-11-02', 389, 'F'),
(444, 'ocrimpcb', '2007-08-27', 436, 'F'),
(445, 'nanglisscc', '2019-02-03', 21, 'F'),
(446, 'csatterthwaitecd', '2019-01-25', 362, 'F'),
(447, 'gilottce', '2021-06-28', 37, 'F'),
(448, 'grollinsoncf', '2008-03-19', 368, 'F'),
(449, 'akirkpatrickcg', '2008-02-03', 183, 'M'),
(450, 'storresch', '2012-11-10', 427, 'F'),
(451, 'mrockwillci', '2008-10-12', 416, 'F'),
(452, 'bfitzroycj', '2013-03-07', 150, 'F'),
(453, 'imarplesck', '2017-11-17', 368, 'F'),
(454, 'mdenisardcl', '2007-08-05', 292, 'M'),
(455, 'rkitcattcm', '2018-01-11', 459, 'M'),
(456, 'gparkencn', '2011-09-21', 504, 'F'),
(457, 'lskeathco', '2021-06-28', 297, 'M'),
(458, 'iwoolandcp', '2020-05-28', 11, 'F'),
(459, 'rgribbincq', '2014-03-05', 110, 'M'),
(460, 'kwhitearcr', '2008-01-18', 545, 'M'),
(461, 'sindgscs', '2019-09-24', 294, 'M'),
(462, 'byardleyct', '2019-10-16', 310, 'F'),
(463, 'gdorrecu', '2014-09-18', 75, 'F'),
(464, 'srendellcv', '2013-10-06', 362, 'F'),
(465, 'lpinockcw', '2010-08-06', 387, 'F'),
(466, 'tdedomeniciscx', '2018-08-06', 499, 'F'),
(467, 'sdickecy', '2022-08-06', 570, 'F'),
(468, 'aalberticz', '2013-10-08', 320, 'M'),
(469, 'bchampd0', '2010-07-22', 407, 'F'),
(470, 'fvaadelandd1', '2016-12-27', 565, 'M'),
(471, 'hheamd2', '2010-12-06', 253, 'F'),
(472, 'msniped3', '2015-03-10', 122, 'M'),
(473, 'hfebred4', '2016-12-09', 483, 'M'),
(474, 'mtrusdaled5', '2019-07-21', 197, 'M'),
(475, 'csmillied6', '2014-10-05', 557, 'F'),
(476, 'cjohananovd7', '2016-05-31', 477, 'F'),
(477, 'droed8', '2006-09-07', 223, 'M'),
(478, 'mloadesd9', '2022-04-01', 549, 'F'),
(479, 'asincockda', '2011-07-29', 164, 'F'),
(480, 'mhulsedb', '2021-09-04', 329, 'F'),
(481, 'rforstdc', '2010-08-09', 311, 'F'),
(482, 'hdillingstonedd', '2006-10-03', 166, 'F'),
(483, 'cbertelmotde', '2011-01-02', 258, 'M'),
(484, 'ztomeidf', '2013-04-29', 184, 'M'),
(485, 'jsouledg', '2020-10-29', 373, 'M'),
(486, 'skordovanidh', '2009-09-28', 425, 'F'),
(487, 'pvernadi', '2006-05-02', 9, 'F'),
(488, 'tmistrydj', '2019-04-09', 558, 'M'),
(489, 'egoulborndk', '2014-11-28', 427, 'F'),
(490, 'rlevinedl', '2022-05-31', 543, 'F'),
(491, 'mfaucettdm', '2013-10-08', 433, 'F'),
(492, 'btaverinerdn', '2010-11-07', 549, 'M'),
(493, 'salkerdo', '2013-01-12', 15, 'F'),
(494, 'jdoagdp', '2005-12-01', 552, 'F'),
(495, 'acrehandq', '2020-08-22', 595, 'M'),
(496, 'dtriggeldr', '2011-07-29', 360, 'F'),
(497, 'rletchmoreds', '2020-07-04', 188, 'M'),
(498, 'agergedt', '2012-08-17', 556, 'F'),
(499, 'dstockaudu', '2010-05-01', 242, 'M'),
(500, 'adarwindv', '2005-11-22', 151, 'F'),
(501, 'fskymdw', '2016-07-12', 544, 'F'),
(502, 'glarverdx', '2016-10-06', 289, 'F'),
(503, 'tshotboultdy', '2020-03-07', 242, 'M'),
(504, 'esparkwelldz', '2009-04-15', 505, 'M'),
(505, 'rpimere0', '2017-08-15', 500, 'F'),
(506, 'earchbutte1', '2007-03-18', 392, 'M'),
(507, 'amoaksone2', '2021-04-02', 326, 'F'),
(508, 'rgrigorkine3', '2011-05-13', 460, 'F'),
(509, 'dmatteae4', '2016-10-19', 514, 'M'),
(510, 'achaudrete5', '2006-10-15', 413, 'F'),
(511, 'rcolbournee6', '2012-11-24', 49, 'M'),
(512, 'atheakere7', '2019-08-02', 190, 'F'),
(513, 'chambribee8', '2008-04-09', 430, 'M'),
(514, 'rperrise9', '2011-06-26', 48, 'F'),
(515, 'emcdavidea', '2007-06-15', 300, 'F'),
(516, 'emcgiffineb', '2022-06-29', 432, 'M'),
(517, 'ccastrilloec', '2018-11-30', 234, 'M'),
(518, 'gmckeaveneyed', '2018-03-31', 566, 'F'),
(519, 'ctewkesburyee', '2013-05-27', 163, 'F'),
(520, 'etrobeef', '2015-05-03', 218, 'F'),
(521, 'mhookeg', '2013-03-17', 414, 'M'),
(522, 'dmitcheleh', '2016-05-16', 159, 'M'),
(523, 'hskamalei', '2008-05-05', 174, 'M'),
(524, 'gsoanej', '2017-07-18', 454, 'F'),
(525, 'kberesfordek', '2006-03-22', 399, 'M'),
(526, 'dwilboreel', '2009-02-07', 182, 'F'),
(527, 'hcartmanem', '2017-02-25', 481, 'M'),
(528, 'rmcconvilleen', '2016-12-03', 337, 'F'),
(529, 'rflaniganeo', '2017-05-21', 278, 'F'),
(530, 'kthursbyep', '2021-08-10', 229, 'F'),
(531, 'tmalkieeq', '2019-07-27', 548, 'F'),
(532, 'ksergeaner', '2009-07-24', 279, 'M'),
(533, 'dluebbertes', '2011-04-11', 410, 'F'),
(534, 'tsawkinset', '2013-08-10', 200, 'M'),
(535, 'pchreeeu', '2011-12-17', 128, 'M'),
(536, 'skubicaev', '2011-12-06', 131, 'M'),
(537, 'aibbersonew', '2007-03-25', 50, 'F'),
(538, 'estodeex', '2014-12-30', 416, 'M'),
(539, 'sarundaleey', '2007-09-25', 156, 'F'),
(540, 'jconrardez', '2010-10-20', 128, 'M'),
(541, 'flabinf0', '2015-10-12', 78, 'M'),
(542, 'gcongrevef1', '2011-04-22', 303, 'M'),
(543, 'egadaudf2', '2012-08-03', 304, 'M'),
(544, 'oclothierf3', '2008-11-21', 182, 'M'),
(545, 'akigelmanf4', '2021-10-18', 138, 'M'),
(546, 'hcostarf5', '2011-02-05', 96, 'F'),
(547, 'lheakinsf6', '2020-02-24', 138, 'F'),
(548, 'tmacqueenf7', '2014-09-04', 425, 'M'),
(549, 'sblanchettef8', '2020-09-07', 255, 'F'),
(550, 'eforrestillf9', '2015-12-13', 39, 'M'),
(551, 'ekayesfa', '2007-01-04', 422, 'F'),
(552, 'lpersickefb', '2014-01-04', 460, 'M'),
(553, 'jkehoefc', '2016-03-30', 387, 'M'),
(554, 'hpachmannfd', '2016-07-22', 15, 'M'),
(555, 'mgaggfe', '2006-03-30', 190, 'M'),
(556, 'mdowtyff', '2022-07-31', 466, 'F'),
(557, 'kkettlewellfg', '2009-11-08', 508, 'M'),
(558, 'vthoroldfh', '2017-06-15', 291, 'M'),
(559, 'mterneyfi', '2007-08-28', 566, 'M'),
(560, 'lodoireidhfj', '2007-03-25', 283, 'M'),
(561, 'rdanilovichfk', '2008-05-06', 207, 'F'),
(562, 'mpadkinfl', '2018-08-10', 482, 'F'),
(563, 'nrohlffm', '2009-03-29', 165, 'F'),
(564, 'smulderfn', '2010-05-14', 35, 'M'),
(565, 'lblackborofo', '2012-12-28', 402, 'M'),
(566, 'igersonfp', '2017-05-29', 471, 'M'),
(567, 'zollettfq', '2012-06-08', 455, 'M'),
(568, 'icawfr', '2019-07-24', 332, 'F'),
(569, 'jgilkesfs', '2021-10-25', 147, 'F'),
(570, 'cshilstoneft', '2010-10-22', 285, 'M'),
(571, 'kbohlingolsenfu', '2019-01-15', 209, 'M'),
(572, 'hwoodhallfv', '2008-07-02', 247, 'M'),
(573, 'bsimkissfw', '2020-04-24', 408, 'F'),
(574, 'kalgyfx', '2008-02-18', 46, 'F'),
(575, 'gpixtonfy', '2013-09-26', 325, 'M'),
(576, 'tmilbournfz', '2010-05-14', 433, 'F'),
(577, 'cdymockg0', '2011-05-15', 533, 'F'),
(578, 'kscraceg1', '2006-10-08', 272, 'F'),
(579, 'msweeteng2', '2008-03-27', 293, 'F'),
(580, 'apudseyg3', '2019-01-19', 594, 'F'),
(581, 'dburrelg4', '2016-11-29', 508, 'F'),
(582, 'lkeevesg5', '2007-11-28', 414, 'F'),
(583, 'sdecleyneg6', '2012-10-22', 395, 'F'),
(584, 'jsevierg7', '2007-06-29', 402, 'F'),
(585, 'ckloskag8', '2017-02-22', 233, 'M'),
(586, 'mtrewmang9', '2009-08-13', 544, 'M'),
(587, 'pcurriega', '2016-09-23', 388, 'F'),
(588, 'redmondsongb', '2007-04-11', 594, 'F'),
(589, 'tsterngc', '2020-04-18', 92, 'M'),
(590, 'ckellawaygd', '2021-11-14', 467, 'M'),
(591, 'cmendesge', '2005-09-27', 413, 'F'),
(592, 'agracewoodgf', '2018-02-17', 442, 'F'),
(593, 'ebabbsgg', '2011-10-08', 479, 'F'),
(594, 'uivashkovgh', '2021-01-10', 523, 'F'),
(595, 'tshubothamgi', '2017-12-19', 253, 'F'),
(596, 'dreamangj', '2007-08-23', 584, 'M'),
(597, 'vschechtergk', '2014-10-29', 122, 'F'),
(598, 'rfehelygl', '2008-12-04', 50, 'F'),
(599, 'mforgiegm', '2013-09-15', 302, 'M'),
(600, 'nhalladaygn', '2018-02-21', 127, 'F');

--
-- Indexes for dumped tables
--

--
-- Indexes for table `due単o`
--
ALTER TABLE `due単o`
  ADD PRIMARY KEY (`Dni`);

--
-- Indexes for table `historial`
--
ALTER TABLE `historial`
  ADD PRIMARY KEY (`Id_Historial`),
  ADD KEY `historial_ibfk_1` (`Perro`);

--
-- Indexes for table `perro`
--
ALTER TABLE `perro`
  ADD PRIMARY KEY (`Id_Perro`),
  ADD KEY `Dni_due単o` (`Dni_due単o`);

--
-- AUTO_INCREMENT for dumped tables
--

--
-- AUTO_INCREMENT for table `due単o`
--
ALTER TABLE `due単o`
  MODIFY `Dni` int(11) NOT NULL AUTO_INCREMENT, AUTO_INCREMENT=601;

--
-- AUTO_INCREMENT for table `historial`
--
ALTER TABLE `historial`
  MODIFY `Id_Historial` int(11) NOT NULL AUTO_INCREMENT, AUTO_INCREMENT=601;

--
-- AUTO_INCREMENT for table `perro`
--
ALTER TABLE `perro`
  MODIFY `Id_Perro` int(11) NOT NULL AUTO_INCREMENT, AUTO_INCREMENT=601;

--
-- Constraints for dumped tables
--

--
-- Constraints for table `historial`
--
ALTER TABLE `historial`
  ADD CONSTRAINT `historial_ibfk_1` FOREIGN KEY (`Perro`) REFERENCES `perro` (`Id_Perro`);

--
-- Constraints for table `perro`
--
ALTER TABLE `perro`
  ADD CONSTRAINT `perro_ibfk_1` FOREIGN KEY (`Dni_due単o`) REFERENCES `due単o` (`Dni`);
COMMIT;

/*!40101 SET CHARACTER_SET_CLIENT=@OLD_CHARACTER_SET_CLIENT */;
/*!40101 SET CHARACTER_SET_RESULTS=@OLD_CHARACTER_SET_RESULTS */;
/*!40101 SET COLLATION_CONNECTION=@OLD_COLLATION_CONNECTION */;
